,6,7,8,9,10,alt,ref
rs12157537,0,0,0,0,0,A,G
rs4145526,0,0,0,0,0,C,A
rs8142331,0,0,0,0,0,A,C
rs4911642,0,0,0,0,0,A,T
rs5747010,0,0,0,0,0,A,G
rs7286836,0,0,0,0,0,A,G
rs9604821,0,1,0,0,1,G,A
rs12172182,0,0,0,0,0,A,G
rs9605903,1,1,0,1,0,C,T
rs5746647,0,0,0,0,0,A,T
rs5747988,0,0,0,0,0,A,G
rs5747999,0,1,1,1,0,C,A
rs11089263,0,1,2,0,0,C,A
rs2096537,1,0,0,1,0,A,C
rs16984366,0,1,1,0,1,T,C
rs28455862,0,0,0,0,0,C,A
rs9604967,0,1,0,0,0,T,C
rs4428101,0,1,1,0,1,T,C
rs4819849,0,0,1,2,1,A,G
rs9605028,0,1,0,0,0,G,A
rs361799,0,0,1,0,0,C,T
rs361973,1,1,0,1,0,G,A
rs12106650,0,0,1,0,1,T,C
rs2529883,0,0,0,0,0,A,C
rs9605075,0,0,0,0,0,A,G
rs16981507,0,0,1,0,0,T,C
rs5993924,0,0,1,0,1,A,G
rs3016111,0,0,0,0,0,A,C
rs2845377,0,0,0,0,0,A,C
rs5748567,0,1,1,0,0,A,G
rs10084637,0,0,0,0,0,A,T
rs5746879,0,1,0,0,0,C,T
rs7286463,0,1,0,0,1,T,C
rs17432784,0,0,0,0,0,A,C
rs2845379,0,2,0,0,1,T,C
rs2845380,0,1,0,0,0,A,G
rs2845346,0,1,0,0,0,C,T
rs16981635,0,0,0,0,0,A,C
rs1807512,0,0,0,0,1,C,T
rs4819880,0,2,0,0,1,G,A
rs5748593,0,1,0,0,0,T,C
rs4390844,0,0,0,0,0,A,T
rs9606442,0,1,0,0,1,G,A
rs2190742,0,0,0,0,1,T,C
rs5748614,2,1,0,0,0,A,C
rs5748617,0,1,0,0,1,G,A
rs8140156,0,1,0,0,0,A,G
rs5748622,1,0,0,0,0,G,T
rs9605145,2,1,0,0,1,A,G
rs5748623,1,0,0,0,0,A,C
rs9605146,0,1,2,0,1,A,G
rs16981669,0,0,0,0,0,C,A
rs759235,1,0,0,0,0,C,T
rs4819887,0,0,0,0,0,A,G
rs4286363,0,1,0,0,1,C,T
rs5748632,0,0,0,0,0,A,C
rs8139612,0,0,0,0,1,T,C
rs5748633,0,0,0,0,0,C,A
rs9606468,0,0,1,0,1,C,T
rs5748636,1,0,0,1,0,A,G
rs738045,0,1,0,1,1,A,G
rs2385714,1,2,0,1,1,T,C
rs2080203,0,1,0,0,1,G,T
rs2072467,0,1,0,0,0,C,T
rs2072466,1,0,0,0,0,C,T
rs7291429,0,1,2,1,1,T,G
rs874835,0,1,2,1,1,G,A
rs874836,0,0,0,0,0,A,G
rs5994031,0,1,0,0,1,C,T
rs2192431,0,0,0,0,0,A,T
rs175139,1,1,0,1,1,C,T
rs983305,2,1,0,1,1,G,A
rs9606478,0,0,0,0,0,C,A
rs175140,1,0,0,0,0,G,T
rs175149,0,1,0,1,1,A,G
rs175150,0,0,0,0,0,A,C
rs9606481,1,1,0,1,1,T,C
rs17363716,0,0,0,1,1,C,T
rs165757,1,1,0,0,0,G,A
rs175152,1,1,0,0,0,A,C
rs165611,0,1,0,1,1,T,C
rs165778,0,1,0,0,0,T,C
rs165810,0,1,0,1,1,C,A
rs2075120,0,0,0,1,1,T,C
rs175154,0,1,0,0,0,A,G
rs165927,0,1,0,0,1,G,A
rs12158448,0,0,0,0,0,A,G
rs2041608,0,0,0,0,0,A,T
rs165886,0,1,0,0,0,G,A
rs165608,0,1,0,0,1,G,A
rs17444804,0,1,0,0,0,T,C
rs1860945,1,1,1,1,0,C,T
rs737936,1,0,1,1,0,A,G
rs16981833,0,0,0,0,0,A,C
rs7288841,1,0,1,1,0,T,C
rs9606534,1,0,1,1,0,C,T
rs7292561,0,2,0,1,2,T,C
rs7293026,0,1,0,0,1,T,C
rs13058496,1,0,1,0,0,G,A
rs8136206,0,1,0,0,1,C,A
rs1990485,0,1,0,0,1,G,T
rs5992587,0,1,0,1,1,T,C
rs11703901,0,0,1,0,0,T,C
rs12485066,0,0,1,0,0,A,G
rs5994093,0,0,0,0,1,T,C
rs5748744,0,1,0,1,1,G,A
rs9306242,0,1,0,1,1,G,A
rs9605179,2,0,2,1,0,G,A
rs5992590,0,0,0,1,1,C,T
rs5994096,0,0,0,0,0,A,G
rs5994097,0,0,0,0,0,A,T
rs9618937,2,1,0,1,0,G,A
rs5748748,0,0,0,0,0,A,T
rs5748752,0,0,0,0,0,A,T
rs2385785,0,0,0,0,0,A,G
rs5748756,0,1,0,0,0,C,A
rs1981707,0,1,0,0,0,C,T
rs1981708,0,0,0,0,0,C,A
rs11914222,0,0,0,0,0,A,T
rs7510758,0,0,0,0,0,A,T
rs4819923,2,1,0,1,0,T,G
rs5994105,0,0,0,0,0,A,G
rs5748760,2,0,0,1,0,A,G
rs5748761,0,1,0,0,0,C,T
rs9618948,0,1,0,0,0,T,G
rs2385786,2,1,0,2,0,G,A
rs1990483,0,1,0,0,0,C,T
rs17733785,1,0,0,0,0,C,T
rs5992598,0,1,0,0,0,T,C
rs7287116,0,1,0,0,0,C,T
rs1024732,0,1,0,0,0,G,A
rs9605183,0,0,0,0,0,A,C
rs5748765,0,1,2,0,2,C,A
rs1541529,0,0,0,1,0,T,G
rs5748766,0,1,0,0,0,G,T
rs4819925,0,0,0,0,0,A,T
rs16981911,0,0,0,0,0,A,G
rs5992600,0,0,0,0,0,A,T
rs757630,0,1,0,1,0,T,C
rs4819545,0,1,0,0,0,A,C
rs4819932,2,0,1,1,1,C,A
rs4819934,0,0,0,0,0,A,G
rs4819935,0,0,0,0,0,C,A
rs4819936,0,0,0,0,0,A,G
rs5992604,0,1,0,0,0,G,A
rs9618954,0,1,0,0,0,A,C
rs17204811,0,0,0,0,0,C,A
rs5994123,0,0,0,0,0,C,A
rs5748798,2,1,0,2,0,G,A
rs7291404,2,0,1,0,0,A,G
rs11913227,1,0,0,0,0,C,T
rs5994128,0,1,1,1,1,A,G
rs5994129,1,1,1,1,0,A,G
rs917838,1,0,0,0,1,C,T
rs2399153,0,1,1,0,1,A,G
rs5746962,0,0,0,0,1,G,A
rs4141523,0,1,1,0,0,G,T
rs4819940,0,1,1,1,1,G,A
rs17806741,0,0,0,0,0,A,G
rs5994130,2,1,0,1,0,A,G
rs1966416,0,0,0,0,1,T,C
rs2399168,0,0,0,0,0,A,C
rs5748829,0,0,1,0,0,G,A
rs928831,0,0,0,0,0,A,T
rs2845394,0,1,1,0,1,A,G
rs9617950,0,0,0,0,0,A,G
rs2845393,0,1,0,0,0,T,G
rs3804061,0,0,0,0,0,A,C
rs947822,0,1,1,0,1,T,C
rs12159416,0,0,0,0,0,A,T
rs16981972,0,0,1,0,1,T,C
rs9606592,0,1,1,0,1,T,G
rs5748845,0,0,0,0,0,A,C
rs5994155,0,1,0,0,0,C,A
rs1114450,0,1,1,0,1,G,A
rs2041629,0,1,1,0,1,A,G
rs4819956,0,0,0,0,0,C,A
rs4819553,0,1,0,0,0,G,A
rs4819554,0,1,0,0,0,G,A
rs2241042,0,1,1,0,1,A,C
rs6518660,0,0,0,0,1,G,A
rs13053889,2,0,0,0,0,T,C
rs9606615,1,1,1,1,1,T,C
rs2302519,0,1,2,0,0,T,C
rs2241046,1,1,0,0,0,C,T
rs2241049,0,0,1,2,1,G,A
rs6518661,0,1,1,0,1,A,G
rs879577,0,1,1,0,1,T,C
rs879576,0,0,0,0,0,A,G
rs879575,0,1,1,0,1,T,C
rs1468488,0,1,1,0,1,T,C
rs2895332,0,1,1,0,0,G,A
rs887796,1,1,0,0,0,G,A
rs738034,1,1,1,0,0,G,A
rs1003945,0,0,0,0,0,A,C
rs4819962,0,1,0,0,0,T,C
rs971768,0,0,0,0,0,A,G
rs2277830,0,0,0,0,0,C,A
rs3827295,0,0,0,0,0,A,G
rs5992629,0,1,0,0,0,G,A
rs5746996,1,1,2,0,1,C,A
rs4819964,1,1,0,0,0,G,A
rs5748875,0,1,0,0,0,C,T
rs9605222,0,0,0,0,0,A,G
rs5748883,1,0,0,2,1,C,T
rs5747004,0,0,0,0,0,A,C
rs5994170,0,0,2,0,1,G,A
rs4819558,1,0,0,2,1,T,C
rs5994175,0,1,0,0,0,T,G
rs740422,0,0,2,0,1,T,C
rs5747007,0,0,0,0,0,C,A
rs7287119,0,1,0,0,0,T,C
rs2286955,0,0,0,0,0,A,C
rs5747008,0,1,0,0,0,G,A
rs2302521,0,0,0,0,0,A,G
rs3788268,1,1,0,0,0,T,C
rs1034859,1,2,0,1,0,C,A
rs3788269,0,0,0,0,1,A,G
rs4423695,2,0,0,0,0,C,T
rs5994186,0,0,1,0,1,A,G
rs5748923,0,0,1,1,0,G,T
rs5748926,0,1,1,2,0,C,T
rs1125471,0,0,1,1,0,A,C
rs1076102,2,0,1,1,0,A,G
rs1135909,0,1,0,0,0,C,T
rs1139056,0,1,0,0,0,G,A
rs7285896,0,1,0,0,0,T,C
rs3764847,0,1,0,1,0,C,T
rs1079554,2,0,0,0,0,T,C
rs2231496,0,1,1,0,0,T,C
rs2231495,0,0,1,1,1,C,T
rs5992636,0,0,0,0,0,A,G
rs1544504,2,0,1,0,1,C,T
rs2286346,0,0,0,0,0,A,C
rs4819973,0,0,0,0,1,T,C
rs5992637,2,1,0,0,1,C,A
rs11912507,0,0,1,1,0,G,A
rs5747018,1,0,1,0,1,C,T
rs17807317,1,0,0,1,2,C,A
rs1076105,1,0,0,0,0,A,G
rs1076106,0,0,2,0,0,C,A
rs2240617,0,0,2,0,0,A,G
rs362129,0,0,0,0,1,A,G
rs5748952,0,2,0,0,2,C,A
rs5748955,0,0,2,0,0,A,G
rs8136533,0,2,1,0,2,T,C
rs737967,0,0,2,0,0,C,T
rs737966,0,1,0,0,1,T,G
rs5748965,0,2,0,0,2,C,T
rs5748966,1,0,2,0,0,C,T
rs5994213,0,0,0,0,0,A,G
rs737962,0,0,2,0,0,T,C
rs9606661,0,2,0,0,0,T,C
rs2019180,0,1,0,0,0,A,G
rs4819564,1,1,0,0,1,A,G
rs5748972,0,0,0,0,0,A,G
rs4819979,1,0,0,1,2,G,T
rs5747035,0,0,1,0,1,C,T
rs4266110,0,0,0,0,1,C,T
rs1006015,1,2,0,0,1,G,A
rs5748979,0,0,1,0,0,G,A
rs5747037,0,0,2,1,0,A,G
rs8141904,0,0,1,0,1,G,T
rs9605246,1,0,0,2,0,C,T
rs9606669,1,0,0,2,0,C,T
rs13056269,1,0,0,1,0,C,T
rs17807605,0,2,0,0,0,T,C
rs758221,0,0,1,0,2,G,A
rs5994231,0,0,1,0,2,C,T
rs16982258,0,0,0,0,1,C,A
rs5992649,0,0,0,0,0,A,T
rs5994238,0,0,0,0,0,A,G
rs5749006,0,0,1,0,1,A,G
rs4819993,0,0,1,0,2,T,C
rs5749011,0,0,0,0,0,A,T
rs11704699,0,0,1,0,1,G,T
rs4819994,0,0,1,0,1,C,T
rs4541325,0,1,1,0,1,T,C
rs5749016,0,1,1,0,1,T,C
rs12160031,0,0,0,0,1,A,G
rs737972,0,1,1,0,0,G,A
rs5749028,0,0,1,0,0,G,A
rs9605252,2,1,0,1,0,T,C
rs4819996,0,1,0,0,1,A,G
rs9606682,0,1,0,0,1,T,C
rs9617982,0,0,0,0,1,A,G
rs5994253,0,0,1,0,1,A,G
rs5749032,0,1,1,0,0,G,A
rs9605254,0,0,0,1,0,G,A
rs5994256,0,0,2,2,0,C,T
rs9605258,0,2,0,0,1,T,G
rs9306256,0,0,1,2,0,T,C
rs9619055,0,0,1,2,1,T,C
rs5994258,0,0,0,2,1,G,A
rs5994260,0,0,0,2,0,G,A
rs17808489,0,0,0,0,0,A,G
rs5994271,0,0,2,0,0,A,G
rs4819575,0,0,0,0,0,A,C
rs361626,0,0,0,0,0,A,G
rs4820001,1,0,0,1,0,G,A
