,1,2,3,4,5,alt,ref
rs4477212,0,0,0,0,0,C,A
rs3094315,0,1,1,0,1,G,A
rs3131972,0,1,1,0,1,A,G
rs12124819,1,0,0,0,1,G,A
rs11240777,1,2,0,0,0,A,G
rs6681049,0,0,0,0,0,A,C
rs4970383,0,0,1,1,0,A,C
rs4475691,0,0,1,1,0,T,C
rs7537756,0,0,1,1,0,G,A
rs13302982,0,0,0,0,0,A,G
rs1110052,0,1,1,1,1,G,T
rs2272756,0,1,1,0,1,A,G
rs3748597,0,0,0,1,0,T,C
rs13303106,0,1,1,1,1,A,G
rs28415373,0,0,0,0,0,A,C
rs13303010,0,0,0,1,0,G,A
rs6696281,0,0,0,0,0,A,C
rs28391282,0,0,0,0,0,A,G
rs2340592,0,0,1,0,1,A,G
rs13303118,0,1,1,1,1,G,T
rs6665000,0,0,0,0,0,C,A
rs2341362,0,0,0,0,0,A,C
rs9777703,0,0,0,0,0,A,T
rs1891910,1,1,0,0,0,A,G
rs9697457,0,0,0,0,0,A,G
rs35940137,1,0,0,0,0,A,G
rs3128117,1,1,1,0,0,C,T
rs2465126,0,0,0,0,0,C,A
rs2341365,0,0,0,0,0,C,A
rs15842,0,0,0,0,0,A,C
rs6657048,0,0,0,0,0,A,C
rs2710888,1,1,1,0,0,T,C
rs3128126,1,1,1,0,0,G,A
rs2710875,0,0,0,0,0,A,T
rs2465136,1,0,1,0,1,C,T
rs2488991,0,1,0,0,0,G,T
rs7526076,1,1,0,0,0,A,G
rs3934834,0,0,1,0,1,T,C
rs3766192,1,1,1,0,1,C,T
rs3766191,0,0,1,0,1,T,C
rs9442372,1,1,1,0,1,A,G
rs10907177,0,0,1,0,1,G,A
rs3737728,1,1,0,0,0,A,G
rs10907178,0,0,1,0,1,C,A
rs11260588,0,0,0,0,0,A,G
rs9442398,1,1,0,0,0,A,G
rs9442400,0,0,0,0,0,A,C
rs4074137,1,0,1,2,0,A,C
rs6687776,0,1,0,0,1,T,C
rs9651273,1,1,1,0,1,A,G
rs11579015,0,1,0,0,1,C,T
rs6671356,0,1,0,0,1,C,T
rs4970405,0,1,0,0,1,G,A
rs12726255,0,1,0,0,1,G,A
rs7548798,1,1,1,0,1,T,C
rs7540009,0,0,0,0,0,A,G
rs11807848,1,0,1,2,0,T,C
rs12757754,0,1,0,0,1,G,A
rs9442373,1,0,1,1,0,A,C
rs2298217,0,1,0,1,1,T,C
rs4072537,0,2,1,1,1,T,C
rs12145826,0,0,1,0,0,A,G
rs9442380,0,0,0,0,0,A,C
rs6686003,0,0,0,0,0,A,G
rs7553429,0,0,0,0,0,C,A
rs4970362,2,1,1,1,0,G,A
rs9442385,0,0,0,0,0,A,G
rs9660710,0,0,0,0,0,A,C
rs1891905,0,0,0,0,0,A,T
rs4970420,0,0,1,1,0,A,G
rs4442317,0,0,2,0,1,C,T
rs4970421,0,0,0,0,0,A,G
rs11260542,0,1,0,0,0,G,A
rs9442387,0,1,2,0,1,C,T
rs12092254,0,1,0,0,0,A,G
rs1320565,0,0,0,0,0,A,C
rs3813204,0,0,0,0,0,A,G
rs11260549,0,0,0,0,0,A,G
rs10907175,0,1,1,0,1,C,A
rs9729550,0,1,1,0,1,C,A
rs3819001,0,0,0,0,0,A,T
rs11466695,0,0,0,0,0,A,G
rs11466694,0,0,0,0,0,A,C
rs11466688,0,0,0,0,0,A,C
rs11466687,0,0,0,0,0,A,C
rs35222290,0,0,0,0,0,A,T
rs11721,0,1,0,0,1,A,C
rs12036216,0,1,1,0,1,A,G
rs2887286,0,1,0,0,1,C,T
rs3813199,0,1,1,0,1,A,G
rs6603781,0,0,0,0,0,A,G
rs3766186,0,1,1,0,1,A,C
rs7515488,0,1,1,0,1,T,C
rs11260562,0,0,0,0,0,A,G
rs715643,0,0,0,0,0,A,C
rs6697886,0,1,1,0,1,A,G
rs6675798,0,1,0,0,1,C,T
rs11260566,0,1,0,0,1,T,C
rs12093154,0,1,0,0,1,A,G
rs3818646,0,1,0,0,1,T,C
rs7524470,0,0,0,0,0,C,A
rs11804831,0,1,0,0,1,C,T
rs6673601,0,0,0,0,0,A,G
rs12402622,0,0,0,0,0,A,G
rs11260577,0,0,0,0,0,A,T
rs6689813,0,0,0,0,0,A,T
rs6685064,0,0,0,0,0,A,C
rs28488099,0,0,0,0,0,A,C
rs12077700,0,0,0,0,0,A,C
rs2144440,0,0,0,0,0,C,A
rs2229831,0,0,0,0,0,C,A
rs3737721,0,0,0,0,0,C,A
rs6669227,0,0,0,0,0,A,T
rs1749951,0,0,0,0,0,A,G
rs1739855,0,0,0,0,0,A,T
rs11260584,0,0,0,0,0,A,G
rs12410087,0,1,0,0,1,C,A
rs10399878,0,0,0,0,0,A,G
rs3766182,0,0,0,0,0,A,T
rs3737717,0,0,0,0,0,C,A
rs3818448,0,0,0,0,0,A,C
rs12142199,0,1,0,0,1,G,A
rs10449893,0,0,0,0,0,A,G
rs1810745,0,0,0,0,0,A,G
rs3845293,0,0,0,0,0,A,C
rs307354,0,0,0,0,0,A,C
rs35744813,0,0,0,0,0,A,C
rs307377,0,0,0,0,0,A,C
rs34810828,0,0,0,0,0,A,G
rs35424002,0,0,0,0,0,A,G
rs307371,0,0,0,0,0,A,G
rs34389364,0,0,0,0,0,C,A
rs2765021,0,0,0,0,0,A,T
rs17160669,0,1,0,0,1,T,C
rs2477774,0,0,0,0,0,A,G
rs2765015,0,0,0,0,0,A,G
rs10949,0,0,0,0,0,C,A
rs2765036,0,0,0,0,0,A,G
rs2765033,0,0,0,0,0,A,C
rs2649588,0,0,0,0,0,A,T
rs2477777,0,0,0,0,0,A,T
rs2477779,0,0,0,0,0,A,G
rs35242196,0,1,0,0,1,A,C
rs2291889,0,0,0,0,0,A,G
rs1240707,0,0,0,0,0,A,C
rs1240708,0,1,0,0,1,G,A
rs1240719,0,0,0,0,0,A,T
rs12089560,0,0,0,0,0,C,A
rs12730443,0,0,0,0,0,A,C
rs873927,1,1,0,0,1,G,A
rs1312568,1,0,0,0,0,G,A
rs36044796,1,0,0,0,0,A,C
rs1240732,0,0,0,0,0,C,A
rs1153103,0,0,0,0,0,C,A
rs1153105,1,0,0,1,0,C,T
rs2862157,0,0,0,0,0,C,A
rs819980,0,0,0,0,0,A,T
rs12021879,0,0,0,0,0,A,C
rs6690515,0,0,0,0,0,A,G
rs6669795,0,0,0,0,0,C,A
rs10159041,0,0,0,0,0,A,T
rs3813216,0,0,0,0,0,C,A
rs9439462,0,0,0,0,0,A,C
rs12032637,0,0,0,0,0,C,A
rs3118505,0,0,0,0,0,A,C
rs9782908,0,0,0,0,0,A,C
rs1571149,1,1,1,0,1,G,A
rs7290,1,1,1,0,1,C,T
rs11807706,0,0,0,0,0,C,A
rs3766180,1,1,1,0,1,C,T
rs3766178,1,1,1,0,1,T,C
rs7533,1,1,1,0,1,G,A
rs2031709,0,0,0,0,0,A,C
rs3128342,1,1,1,0,1,A,C
rs7531530,1,1,1,0,1,T,C
rs880051,1,1,1,0,1,G,A
rs2296716,1,0,1,0,0,T,C
rs9439468,1,1,1,0,1,G,A
rs6603793,1,1,1,0,1,T,C
rs7520996,1,1,1,0,1,C,T
rs7519837,1,1,1,0,1,T,C
rs6687029,0,2,0,1,1,C,A
rs6604983,0,1,0,0,1,G,A
rs28430872,0,0,0,0,0,A,C
rs12748433,0,0,0,0,0,A,T
rs28635343,0,1,1,0,1,T,C
rs28464684,0,0,0,0,0,A,C
rs28456011,0,0,2,0,1,A,G
rs35154105,0,0,0,0,0,C,A
rs28707307,0,0,0,0,0,C,A
rs28487995,0,0,1,0,0,A,G
rs3737622,0,0,0,0,0,A,G
rs35261312,0,0,0,0,0,A,C
rs7528782,0,0,0,0,0,A,G
rs760925,0,0,0,0,0,A,C
rs1059831,0,0,0,0,0,C,A
rs3817856,0,0,2,0,0,C,T
rs2294488,0,0,0,0,0,A,C
rs2294489,0,0,0,0,0,A,C
rs1014988,0,0,2,0,0,A,G
rs7407,0,0,2,0,0,T,C
rs35672141,0,0,2,0,0,T,C
rs6603811,0,0,0,0,0,A,C
rs7531583,1,0,0,1,1,A,G
rs12041925,1,0,2,1,1,T,G
rs867207,0,0,0,0,0,C,A
rs10907194,1,2,0,1,1,T,C
rs742359,1,0,2,1,1,C,A
rs2272908,0,0,2,0,0,T,C
rs12069909,0,0,0,0,0,A,G
rs10159187,0,0,0,0,0,C,A
rs16825336,0,0,0,0,0,A,G
rs7553640,0,0,0,0,0,A,C
rs11589067,0,1,0,0,0,A,G
rs4648727,0,0,2,0,0,C,A
rs6681938,0,0,2,0,0,C,T
rs10907192,0,0,0,0,0,A,G
rs4648592,1,0,2,1,1,G,A
rs3855951,0,0,0,0,0,A,T
rs7525092,1,2,0,1,1,T,C
rs6603802,0,0,2,0,0,T,C
rs16824526,1,0,0,1,1,C,A
rs12093735,0,0,0,0,0,A,C
rs745910,0,0,0,1,1,C,T
rs2474460,0,0,1,0,0,T,C
rs2748987,0,0,1,1,1,A,G
rs2247560,0,0,1,0,0,A,G
rs28710181,0,0,0,0,0,A,C
rs941532,0,0,0,0,0,A,G
rs2295364,2,0,0,1,1,T,C
rs28508199,0,0,2,1,1,A,G
rs2144687,0,0,0,0,0,A,T
rs2250833,0,0,1,1,1,A,G
rs2803316,0,0,1,0,0,G,A
rs12758705,0,0,2,1,1,G,A
rs2803329,0,0,1,1,1,A,G
rs2262190,0,0,1,1,1,A,G
rs2748975,0,0,0,0,0,A,C
rs3820011,2,1,0,0,1,A,C
rs2803291,0,0,2,0,1,T,C
rs16824588,0,1,1,0,0,T,C
rs3795283,2,1,0,0,1,T,G
rs6661597,0,2,1,0,2,T,C
rs6605081,1,0,1,0,0,T,C
rs6656398,1,0,2,0,0,A,G
rs13303016,0,0,0,0,2,G,A
rs28603108,0,0,0,0,2,G,A
rs28669111,0,0,0,0,0,A,C
rs28437090,0,0,0,0,0,A,C
rs41307846,0,0,0,0,0,A,G
rs2376803,0,0,1,0,2,C,T
rs28706891,0,0,0,0,0,C,A
rs3795277,0,0,0,0,0,C,A
rs2803309,0,1,1,0,0,A,G
rs1878745,0,1,1,0,0,G,A
rs6605074,0,1,1,0,0,T,C
rs2678939,0,0,1,0,0,A,C
rs6663158,0,2,1,0,0,A,G
rs2803310,0,2,1,0,0,C,T
rs2459994,0,2,1,0,0,T,C
rs12755035,0,0,0,0,0,A,G
rs3128326,1,0,0,2,1,T,C
rs884080,1,0,0,2,1,A,G
rs7513222,1,0,0,2,1,G,A
rs908742,2,0,0,1,1,G,A
rs10910030,0,0,1,2,1,T,C
rs12410859,1,1,1,0,1,T,C
rs4648807,0,0,1,2,1,C,T
rs4648808,1,1,0,0,0,T,C
rs925905,0,0,1,2,1,C,T
rs3107151,0,0,1,2,1,G,T
rs3107153,0,0,0,0,0,A,T
rs3128291,1,1,0,0,0,A,G
rs3128296,1,1,0,0,0,G,T
rs3753242,0,0,0,1,0,T,C
rs3128297,1,1,0,0,0,T,C
rs424079,0,0,1,2,1,A,C
rs12026349,1,1,0,0,0,T,G
rs377283,0,0,1,2,1,T,C
rs262669,0,0,1,2,1,G,A
rs9442619,1,1,0,0,0,T,C
rs2257182,0,0,1,2,1,T,C
rs262654,1,1,1,0,1,A,G
rs3052,1,1,0,0,0,T,C
rs262643,0,0,0,0,0,A,C
rs262641,1,1,1,0,1,G,A
rs262688,1,1,1,0,1,G,T
rs3123595,1,1,0,0,0,T,C
rs262685,0,0,1,2,1,A,G
rs2503701,0,0,1,1,1,C,T
rs12034613,0,0,0,0,0,A,G
rs12036736,1,1,0,0,0,A,G
rs12566870,0,0,0,0,0,A,C
rs12754312,0,0,0,0,0,A,T
rs10910026,0,0,0,0,0,A,C
rs6665593,1,0,1,0,0,A,G
rs7512482,0,1,0,0,0,C,T
rs262683,1,0,1,0,1,T,C
rs2460000,0,0,1,2,1,A,G
rs263533,2,1,1,0,1,T,C
