,odds_ratio,low_interval,high_interval,se,p_val,alt,ref,case_MAF,control_MAF,MAF
rs1990485,0.04166667,0.00056032,3.09843229,2.19848433,0.14829902,G,T,0.0,0.75,0.3
rs4819940,0.12500000,0.00248032,6.29960181,2.00000000,0.29846965,G,A,0.16666666666666666,0.75,0.4
rs11703901,8.00000000,0.15874019,403.17451615,2.00000000,0.29846965,T,C,0.3333333333333333,0.0,0.2
rs4819554,0.12500000,0.00248032,6.29960181,2.00000000,0.29846965,G,A,0.16666666666666666,0.5,0.3
rs9606468,0.12500000,0.00248032,6.29960181,2.00000000,0.29846965,C,T,0.16666666666666666,0.5,0.3
rs7292561,8.00000000,0.15874019,403.17451615,2.00000000,0.29846965,C,T,0.5,0.0,0.3
rs9606534,8.00000000,0.15874019,403.17451615,2.00000000,0.29846965,C,T,0.3333333333333333,0.0,0.2
rs7288841,8.00000000,0.15874019,403.17451615,2.00000000,0.29846965,T,C,0.3333333333333333,0.0,0.2
rs12485066,8.00000000,0.15874019,403.17451615,2.00000000,0.29846965,A,G,0.3333333333333333,0.0,0.2
rs2241042,0.12500000,0.00248032,6.29960181,2.00000000,0.29846965,A,C,0.16666666666666666,0.75,0.4
rs165810,8.00000000,0.15874019,403.17451615,2.00000000,0.29846965,A,C,0.6666666666666666,0.0,0.4
rs165608,8.00000000,0.15874019,403.17451615,2.00000000,0.29846965,A,G,0.5,0.0,0.3
rs6518660,8.00000000,0.15874019,403.17451615,2.00000000,0.29846965,G,A,0.3333333333333333,0.0,0.2
rs13053889,0.12500000,0.00248032,6.29960181,2.00000000,0.29846965,T,C,0.16666666666666666,0.5,0.3
rs165927,8.00000000,0.15874019,403.17451615,2.00000000,0.29846965,A,G,0.6666666666666666,0.0,0.4
rs2845380,8.00000000,0.15874019,403.17451615,2.00000000,0.29846965,A,G,0.3333333333333333,0.0,0.2
rs2845346,8.00000000,0.15874019,403.17451615,2.00000000,0.29846965,C,T,0.3333333333333333,0.0,0.2
rs737936,8.00000000,0.15874019,403.17451615,2.00000000,0.29846965,A,G,0.3333333333333333,0.0,0.2
rs2075120,0.12500000,0.00248032,6.29960181,2.00000000,0.29846965,T,C,0.16666666666666666,0.75,0.4
rs5994093,8.00000000,0.15874019,403.17451615,2.00000000,0.29846965,T,C,0.3333333333333333,0.0,0.2
rs5992590,8.00000000,0.15874019,403.17451615,2.00000000,0.29846965,C,T,0.5,0.0,0.3
rs2399153,0.12500000,0.00248032,6.29960181,2.00000000,0.29846965,A,G,0.16666666666666666,0.5,0.3
rs5994130,8.00000000,0.15874019,403.17451615,2.00000000,0.29846965,A,G,0.5,0.0,0.3
rs9606615,0.12500000,0.00248032,6.29960181,2.00000000,0.29846965,C,T,0.16666666666666666,0.75,0.4
rs5748829,8.00000000,0.15874019,403.17451615,2.00000000,0.29846965,G,A,0.3333333333333333,0.0,0.2
rs9606478,8.00000000,0.15874019,403.17451615,2.00000000,0.29846965,G,A,0.5,0.0,0.3
rs5748614,8.00000000,0.15874019,403.17451615,2.00000000,0.29846965,A,C,0.3333333333333333,0.0,0.2
rs17363716,0.12500000,0.00248032,6.29960181,2.00000000,0.29846965,C,T,0.16666666666666666,0.75,0.4
rs5748593,8.00000000,0.15874019,403.17451615,2.00000000,0.29846965,T,C,0.3333333333333333,0.0,0.2
rs4141523,0.12500000,0.00248032,6.29960181,2.00000000,0.29846965,G,T,0.16666666666666666,0.5,0.3
rs5994155,0.12500000,0.00248032,6.29960181,2.00000000,0.29846965,C,A,0.16666666666666666,0.5,0.3
rs165611,8.00000000,0.15874019,403.17451615,2.00000000,0.29846965,C,T,0.6666666666666666,0.0,0.4
rs11089263,8.00000000,0.15874019,403.17451615,2.00000000,0.29846965,C,A,0.5,0.0,0.3
rs2041629,0.12500000,0.00248032,6.29960181,2.00000000,0.29846965,A,G,0.16666666666666666,0.75,0.4
rs16984366,0.12500000,0.00248032,6.29960181,2.00000000,0.29846965,C,T,0.3333333333333333,0.5,0.4
rs4819956,8.00000000,0.15874019,403.17451615,2.00000000,0.29846965,C,A,0.3333333333333333,0.0,0.2
rs4819553,0.12500000,0.00248032,6.29960181,2.00000000,0.29846965,G,A,0.16666666666666666,0.5,0.3
rs5748845,8.00000000,0.15874019,403.17451615,2.00000000,0.29846965,T,C,0.3333333333333333,0.0,0.2
rs1807512,0.12500000,0.00248032,6.29960181,2.00000000,0.29846965,C,T,0.16666666666666666,0.5,0.3
rs7293026,0.16666667,0.00281794,9.85748355,2.08166600,0.38938489,T,C,0.0,0.5,0.2
rs9605179,6.00000000,0.10144577,354.86940765,2.08166600,0.38938489,G,A,0.6666666666666666,0.25,0.5
rs5748752,0.16666667,0.00281794,9.85748355,2.08166600,0.38938489,C,T,0.0,0.25,0.1
rs16981972,0.16666667,0.00281794,9.85748355,2.08166600,0.38938489,T,C,0.0,0.25,0.1
rs5748760,0.16666667,0.00281794,9.85748355,2.08166600,0.38938489,A,G,0.0,0.25,0.1
rs4819925,0.16666667,0.00281794,9.85748355,2.08166600,0.38938489,C,T,0.0,0.25,0.1
rs4819935,0.16666667,0.00281794,9.85748355,2.08166600,0.38938489,C,A,0.0,0.25,0.1
rs1966416,0.16666667,0.00281794,9.85748355,2.08166600,0.38938489,T,C,0.0,0.25,0.1
rs17444804,0.16666667,0.00281794,9.85748355,2.08166600,0.38938489,T,C,0.0,0.25,0.1
rs2302519,6.00000000,0.10144577,354.86940765,2.08166600,0.38938489,T,C,0.5,0.25,0.4
rs8136206,0.16666667,0.00281794,9.85748355,2.08166600,0.38938489,C,A,0.0,0.5,0.2
rs9604821,0.16666667,0.00281794,9.85748355,2.08166600,0.38938489,A,G,0.0,0.5,0.2
rs2845379,6.00000000,0.10144577,354.86940765,2.08166600,0.38938489,T,C,0.6666666666666666,0.25,0.5
rs8142331,6.00000000,0.10144577,354.86940765,2.08166600,0.38938489,C,A,0.5,0.25,0.4
rs5746879,6.00000000,0.10144577,354.86940765,2.08166600,0.38938489,C,T,0.5,0.25,0.4
rs4911642,0.16666667,0.00281794,9.85748355,2.08166600,0.38938489,C,T,0.0,0.25,0.1
rs4819880,6.00000000,0.10144577,354.86940765,2.08166600,0.38938489,G,A,0.6666666666666666,0.25,0.5
rs5748567,6.00000000,0.10144577,354.86940765,2.08166600,0.38938489,A,G,0.5,0.25,0.4
rs2241049,6.00000000,0.10144577,354.86940765,2.08166600,0.38938489,A,G,0.5,0.25,0.4
rs4428101,0.50000000,0.01277961,19.56240632,1.87082869,0.71100793,T,C,0.3333333333333333,0.25,0.3
rs9306242,2.00000000,0.05111846,78.24962529,1.87082869,0.71100793,G,A,0.3333333333333333,0.25,0.3
rs5748744,2.00000000,0.05111846,78.24962529,1.87082869,0.71100793,G,A,0.3333333333333333,0.25,0.3
rs5992587,2.00000000,0.05111846,78.24962529,1.87082869,0.71100793,T,C,0.3333333333333333,0.25,0.3
rs12106650,2.00000000,0.05111846,78.24962529,1.87082869,0.71100793,T,C,0.3333333333333333,0.25,0.3
rs9605146,2.00000000,0.05111846,78.24962529,1.87082869,0.71100793,G,A,0.5,0.25,0.4
rs879575,2.00000000,0.05111846,78.24962529,1.87082869,0.71100793,T,C,0.3333333333333333,0.25,0.3
rs879577,2.00000000,0.05111846,78.24962529,1.87082869,0.71100793,T,C,0.3333333333333333,0.25,0.3
rs1860945,2.00000000,0.05111846,78.24962529,1.87082869,0.71100793,C,T,0.3333333333333333,0.25,0.3
rs6518661,2.00000000,0.05111846,78.24962529,1.87082869,0.71100793,A,G,0.3333333333333333,0.25,0.3
rs1468488,2.00000000,0.05111846,78.24962529,1.87082869,0.71100793,C,T,0.3333333333333333,0.25,0.3
rs2096537,0.50000000,0.01277961,19.56240632,1.87082869,0.71100793,A,C,0.16666666666666666,0.25,0.2
rs1981707,2.00000000,0.05111846,78.24962529,1.87082869,0.71100793,C,T,0.3333333333333333,0.25,0.3
rs5748756,2.00000000,0.05111846,78.24962529,1.87082869,0.71100793,C,A,0.3333333333333333,0.25,0.3
rs5746962,2.00000000,0.05111846,78.24962529,1.87082869,0.71100793,G,A,0.3333333333333333,0.25,0.3
rs7291404,2.00000000,0.05111846,78.24962529,1.87082869,0.71100793,A,G,0.3333333333333333,0.25,0.3
rs9618954,0.50000000,0.01277961,19.56240632,1.87082869,0.71100793,A,C,0.16666666666666666,0.25,0.2
rs5747010,0.50000000,0.01277961,19.56240632,1.87082869,0.71100793,A,G,0.16666666666666666,0.25,0.2
rs4819932,2.00000000,0.05111846,78.24962529,1.87082869,0.71100793,C,A,0.3333333333333333,0.25,0.3
rs2845394,2.00000000,0.05111846,78.24962529,1.87082869,0.71100793,G,A,0.5,0.25,0.4
rs1114450,2.00000000,0.05111846,78.24962529,1.87082869,0.71100793,A,G,0.5,0.25,0.4
rs5748766,2.00000000,0.05111846,78.24962529,1.87082869,0.71100793,G,T,0.3333333333333333,0.25,0.3
rs7287116,2.00000000,0.05111846,78.24962529,1.87082869,0.71100793,C,T,0.3333333333333333,0.25,0.3
rs5992598,2.00000000,0.05111846,78.24962529,1.87082869,0.71100793,T,C,0.3333333333333333,0.25,0.3
rs9618948,2.00000000,0.05111846,78.24962529,1.87082869,0.71100793,T,G,0.3333333333333333,0.25,0.3
rs5748761,2.00000000,0.05111846,78.24962529,1.87082869,0.71100793,C,T,0.3333333333333333,0.25,0.3
rs9605903,2.00000000,0.05111846,78.24962529,1.87082869,0.71100793,C,T,0.3333333333333333,0.25,0.3
rs9606592,2.00000000,0.05111846,78.24962529,1.87082869,0.71100793,G,T,0.5,0.25,0.4
rs947822,2.00000000,0.05111846,78.24962529,1.87082869,0.71100793,C,T,0.5,0.25,0.4
rs165886,2.00000000,0.05111846,78.24962529,1.87082869,0.71100793,G,A,0.3333333333333333,0.25,0.3
rs165757,0.50000000,0.01277961,19.56240632,1.87082869,0.71100793,G,A,0.16666666666666666,0.25,0.2
rs175154,0.50000000,0.01277961,19.56240632,1.87082869,0.71100793,A,G,0.16666666666666666,0.25,0.2
rs9605145,2.00000000,0.05111846,78.24962529,1.87082869,0.71100793,A,G,0.5,0.25,0.4
rs4286363,2.00000000,0.05111846,78.24962529,1.87082869,0.71100793,C,T,0.5,0.25,0.4
rs8139612,0.50000000,0.01277961,19.56240632,1.87082869,0.71100793,T,C,0.16666666666666666,0.25,0.2
rs5748636,2.00000000,0.05111846,78.24962529,1.87082869,0.71100793,A,G,0.5,0.25,0.4
rs2385714,0.50000000,0.01277961,19.56240632,1.87082869,0.71100793,C,T,0.16666666666666666,0.25,0.2
rs7286463,2.00000000,0.05111846,78.24962529,1.87082869,0.71100793,T,C,0.3333333333333333,0.25,0.3
rs874835,0.50000000,0.01277961,19.56240632,1.87082869,0.71100793,G,A,0.16666666666666666,0.25,0.2
rs5994031,2.00000000,0.05111846,78.24962529,1.87082869,0.71100793,T,C,0.5,0.25,0.4
rs175139,2.00000000,0.05111846,78.24962529,1.87082869,0.71100793,T,C,0.5,0.25,0.4
rs983305,0.50000000,0.01277961,19.56240632,1.87082869,0.71100793,A,G,0.16666666666666666,0.25,0.2
