,1,8,10,11,13,alt,ref,case_0,case_1,case_2,control_0,control_1,control_2,case_major,case_minor,case_minor_counts,control_major,control_minor,control_minor_counts
rs1990485,0,0,2,1,2,G,T,3,0,0,0,1,1,3,0,0,0,2,3
rs4819940,1,0,0,1,2,G,A,2,1,0,0,1,1,2,1,1,0,2,3
rs11703901,1,0,1,0,0,T,C,1,2,0,2,0,0,1,2,2,2,0,0
rs4819554,1,0,0,1,1,G,A,2,1,0,0,2,0,2,1,1,0,2,2
rs9606468,0,1,0,1,1,C,T,2,1,0,0,2,0,2,1,1,0,2,2
rs7292561,0,1,2,0,1,C,T,1,1,1,2,0,0,1,2,3,2,0,0
rs9606534,0,1,1,0,0,C,T,1,2,0,2,0,0,1,2,2,2,0,0
rs7288841,0,1,1,0,0,T,C,1,2,0,2,0,0,1,2,2,2,0,0
rs12485066,1,0,1,0,0,A,G,1,2,0,2,0,0,1,2,2,2,0,0
rs2241042,1,0,0,1,2,A,C,2,1,0,0,1,1,2,1,1,0,2,3
rs165810,0,2,2,0,0,A,C,1,0,2,2,0,0,1,2,4,2,0,0
rs165608,0,1,2,0,0,A,G,1,1,1,2,0,0,1,2,3,2,0,0
rs6518660,1,1,0,0,0,G,A,1,2,0,2,0,0,1,2,2,2,0,0
rs13053889,1,0,0,1,1,T,C,2,1,0,0,2,0,2,1,1,0,2,2
rs165927,0,2,1,0,0,A,G,1,0,2,2,0,0,1,2,4,2,0,0
rs2845380,0,1,1,1,1,A,G,1,2,0,2,0,0,1,2,2,2,0,0
rs2845346,0,2,1,0,0,C,T,1,2,0,2,0,0,1,2,2,2,0,0
rs737936,1,1,1,0,0,A,G,1,2,0,2,0,0,1,2,2,2,0,0
rs2075120,1,0,0,2,1,T,C,2,1,0,0,1,1,2,1,1,0,2,3
rs5994093,1,1,0,0,0,T,C,1,2,0,2,0,0,1,2,2,2,0,0
rs5992590,2,1,0,0,0,C,T,1,1,1,2,0,0,1,2,3,2,0,0
rs2399153,1,0,0,1,1,A,G,2,1,0,0,2,0,2,1,1,0,2,2
rs5994130,0,1,1,0,0,A,G,1,1,1,2,0,0,1,2,3,2,0,0
rs9606615,1,0,0,2,1,C,T,2,1,0,0,1,1,2,1,1,0,2,3
rs5748829,1,1,1,0,0,G,A,1,2,0,2,0,0,1,2,2,2,0,0
rs9606478,1,2,0,0,0,G,A,1,1,1,2,0,0,1,2,3,2,0,0
rs5748614,0,1,1,2,1,A,C,1,2,0,2,0,0,1,2,2,2,0,0
rs17363716,1,0,0,2,1,C,T,2,1,0,0,1,1,2,1,1,0,2,3
rs5748593,0,1,1,0,0,T,C,1,2,0,2,0,0,1,2,2,2,0,0
rs4141523,1,1,0,1,1,G,T,2,1,0,0,2,0,2,1,1,0,2,2
rs5994155,1,0,0,1,1,C,A,2,1,0,0,2,0,2,1,1,0,2,2
rs165611,0,2,2,0,0,C,T,1,0,2,2,0,0,1,2,4,2,0,0
rs11089263,1,0,2,0,0,C,A,1,1,1,2,0,0,1,2,3,2,0,0
rs2041629,1,0,0,1,2,A,G,2,1,0,0,1,1,2,1,1,0,2,3
rs16984366,2,0,0,1,1,C,T,2,0,1,0,2,0,2,1,2,0,2,2
rs4819956,1,1,0,0,0,C,A,1,2,0,2,0,0,1,2,2,2,0,0
rs4819553,1,0,0,1,1,G,A,2,1,0,0,2,0,2,1,1,0,2,2
rs5748845,1,1,0,0,0,T,C,1,2,0,2,0,0,1,2,2,2,0,0
rs1807512,0,0,1,2,1,C,T,2,1,0,0,2,0,2,1,1,0,2,2
rs7293026,0,0,0,0,1,T,C,3,0,0,1,0,1,3,0,0,1,1,2
rs9605179,1,1,2,1,0,G,A,0,2,1,1,1,0,0,3,4,1,1,1
rs5748752,1,0,0,0,1,C,T,3,0,0,1,1,0,3,0,0,1,1,1
rs16981972,0,0,0,0,1,T,C,3,0,0,1,1,0,3,0,0,1,1,1
rs5748760,0,0,0,0,1,A,G,3,0,0,1,1,0,3,0,0,1,1,1
rs4819925,0,0,0,0,1,C,T,3,0,0,1,1,0,3,0,0,1,1,1
rs4819935,0,1,0,0,1,C,A,3,0,0,1,1,0,3,0,0,1,1,1
rs1966416,0,0,0,1,0,T,C,3,0,0,1,1,0,3,0,0,1,1,1
rs17444804,2,0,0,1,0,T,C,3,0,0,1,1,0,3,0,0,1,1,1
rs2302519,1,1,1,0,1,T,C,0,3,0,1,1,0,0,3,3,1,1,1
rs8136206,0,0,0,0,2,C,A,3,0,0,1,0,1,3,0,0,1,1,2
rs9604821,0,0,0,2,0,A,G,3,0,0,1,0,1,3,0,0,1,1,2
rs2845379,1,1,1,1,0,T,C,0,2,1,1,1,0,0,3,4,1,1,1
rs8142331,1,1,1,1,0,C,A,0,3,0,1,1,0,0,3,3,1,1,1
rs5746879,1,1,1,0,1,C,T,0,3,0,1,1,0,0,3,3,1,1,1
rs4911642,0,0,0,0,2,C,T,3,0,0,1,1,0,3,0,0,1,1,1
rs4819880,1,2,2,1,0,G,A,0,2,1,1,1,0,0,3,4,1,1,1
rs5748567,1,1,1,0,1,A,G,0,3,0,1,1,0,0,3,3,1,1,1
rs2241049,1,1,1,0,1,A,G,0,3,0,1,1,0,0,3,3,1,1,1
rs4428101,2,0,0,2,1,T,C,2,0,1,1,1,0,2,1,2,1,1,1
rs9306242,0,1,0,1,0,G,A,1,2,0,1,1,0,1,2,2,1,1,1
rs5748744,1,1,0,1,0,G,A,1,2,0,1,1,0,1,2,2,1,1,1
rs5992587,1,1,0,1,0,T,C,1,2,0,1,1,0,1,2,2,1,1,1
rs12106650,0,1,1,1,0,T,C,1,2,0,1,1,0,1,2,2,1,1,1
rs9605146,0,2,1,1,0,G,A,1,1,1,1,1,0,1,2,3,1,1,1
rs879575,0,1,1,1,1,T,C,1,2,0,1,1,0,1,2,2,1,1,1
rs879577,1,1,1,1,1,T,C,1,2,0,1,1,0,1,2,2,1,1,1
rs1860945,1,1,1,1,0,C,T,1,2,0,1,1,0,1,2,2,1,1,1
rs6518661,0,1,1,0,1,A,G,1,2,0,1,1,0,1,2,2,1,1,1
rs1468488,0,1,1,0,1,C,T,1,2,0,1,1,0,1,2,2,1,1,1
rs2096537,1,1,0,0,1,A,C,2,1,0,1,1,0,2,1,1,1,1,1
rs1981707,1,0,1,1,0,C,T,1,2,0,1,1,0,1,2,2,1,1,1
rs5748756,1,0,1,1,0,C,A,1,2,0,1,1,0,1,2,2,1,1,1
rs5746962,1,1,0,0,1,G,A,1,2,0,1,1,0,1,2,2,1,1,1
rs7291404,1,1,0,2,1,A,G,1,2,0,1,1,0,1,2,2,1,1,1
rs9618954,1,0,0,1,0,A,C,2,1,0,1,1,0,2,1,1,1,1,1
rs5747010,1,0,0,1,0,A,G,2,1,0,1,1,0,2,1,1,1,1,1
rs4819932,1,1,0,0,1,C,A,1,2,0,1,1,0,1,2,2,1,1,1
rs2845394,0,1,2,1,0,G,A,1,1,1,1,1,0,1,2,3,1,1,1
rs1114450,0,1,2,1,0,A,G,1,1,1,1,1,0,1,2,3,1,1,1
rs5748766,1,0,1,1,0,G,T,1,2,0,1,1,0,1,2,2,1,1,1
rs7287116,1,0,1,1,0,C,T,1,2,0,1,1,0,1,2,2,1,1,1
rs5992598,1,0,1,1,0,T,C,1,2,0,1,1,0,1,2,2,1,1,1
rs9618948,1,0,1,1,2,T,G,1,2,0,1,1,0,1,2,2,1,1,1
rs5748761,1,0,1,1,2,C,T,1,2,0,1,1,0,1,2,2,1,1,1
rs9605903,0,1,1,1,0,C,T,1,2,0,1,1,0,1,2,2,1,1,1
rs9606592,2,1,2,1,0,G,T,1,1,1,1,1,0,1,2,3,1,1,1
rs947822,0,1,2,1,0,C,T,1,1,1,1,1,0,1,2,3,1,1,1
rs165886,1,1,0,0,1,G,A,1,2,0,1,1,0,1,2,2,1,1,1
rs165757,1,0,0,0,1,G,A,2,1,0,1,1,0,2,1,1,1,1,1
rs175154,1,0,0,0,1,A,G,2,1,0,1,1,0,2,1,1,1,1,1
rs9605145,0,2,1,1,0,A,G,1,1,1,1,1,0,1,2,3,1,1,1
rs4286363,0,2,1,1,0,C,T,1,1,1,1,1,0,1,2,3,1,1,1
rs8139612,0,1,0,1,0,T,C,2,1,0,1,1,0,2,1,1,1,1,1
rs5748636,1,2,0,0,1,A,G,1,1,1,1,1,0,1,2,3,1,1,1
rs2385714,0,2,1,1,0,C,T,2,1,0,1,1,0,2,1,1,1,1,1
rs7286463,1,1,0,1,0,T,C,1,2,0,1,1,0,1,2,2,1,1,1
rs874835,0,0,1,0,1,G,A,2,1,0,1,1,0,2,1,1,1,1,1
rs5994031,0,2,1,0,1,T,C,1,1,1,1,1,0,1,2,3,1,1,1
rs175139,0,2,1,0,1,T,C,1,1,1,1,1,0,1,2,3,1,1,1
rs983305,0,0,1,0,1,A,G,2,1,0,1,1,0,2,1,1,1,1,1
rs5748617,0,2,1,1,0,G,A,1,1,1,1,1,0,1,2,3,1,1,1
rs175149,0,2,1,0,1,G,A,1,1,1,1,1,0,1,2,3,1,1,1
rs7291429,0,0,1,0,2,T,G,1,2,0,1,1,0,1,2,2,1,1,1
rs9606442,0,2,1,1,0,G,A,1,1,1,1,1,0,1,2,3,1,1,1
rs2190742,0,1,0,1,0,T,C,2,1,0,1,1,0,2,1,1,1,1,1
rs9606481,0,0,2,0,1,C,T,2,1,0,1,1,0,2,1,1,1,1,1
rs175152,1,0,0,0,1,A,C,2,1,0,1,1,0,2,1,1,1,1,1
rs165778,1,0,0,0,0,T,C,2,1,0,1,1,0,2,1,1,1,1,1
rs5748623,0,1,0,0,0,A,C,2,1,0,2,0,0,2,1,1,2,0,0
rs361973,0,0,1,0,0,G,A,2,1,0,2,0,0,2,1,1,2,0,0
rs5748765,1,0,1,1,1,A,C,1,2,0,0,2,0,1,2,2,0,2,2
rs738045,1,0,1,1,1,A,G,1,2,0,0,2,0,1,2,2,0,2,2
rs2845393,2,1,0,1,1,T,G,1,1,1,0,2,0,1,2,3,0,2,2
rs5748622,0,1,0,0,0,G,T,2,1,0,2,0,0,2,1,1,2,0,0
rs4819545,0,1,1,1,1,A,C,1,2,0,0,2,0,1,2,2,0,2,2
rs4390844,2,1,0,0,0,C,T,2,1,0,2,0,0,2,1,1,2,0,0
rs2080203,1,0,1,1,1,G,T,1,2,0,0,2,0,1,2,2,0,2,2
rs5992604,1,0,1,1,1,G,A,1,2,0,0,2,0,1,2,2,0,2,2
rs5748632,0,1,1,0,0,T,C,2,1,0,2,0,0,2,1,1,2,0,0
rs5748798,1,0,0,1,1,G,A,1,2,0,0,2,0,1,2,2,0,2,2
rs4819887,0,1,0,0,0,T,G,2,1,0,2,0,0,2,1,1,2,0,0
rs759235,1,1,0,0,0,C,T,2,1,0,2,0,0,2,1,1,2,0,0
rs5994128,1,0,1,1,1,A,G,1,2,0,0,2,0,1,2,2,0,2,2
rs5994129,1,1,0,1,1,G,A,1,2,0,0,2,0,1,2,2,0,2,2
rs917838,0,0,1,0,0,C,T,2,1,0,2,0,0,2,1,1,2,0,0
rs5748633,0,1,0,0,0,G,A,2,1,0,2,0,0,2,1,1,2,0,0
rs8140156,0,2,1,0,0,A,G,2,1,0,2,0,0,2,1,1,2,0,0
rs1024732,1,0,1,1,1,G,A,1,2,0,0,2,0,1,2,2,0,2,2
rs1990483,0,0,1,1,0,C,T,1,2,0,0,2,0,1,2,2,0,2,2
rs9605028,0,0,0,0,0,G,A,2,1,0,2,0,0,2,1,1,2,0,0
rs175150,0,2,0,0,0,A,C,2,0,1,2,0,0,2,1,2,2,0,0
rs175140,0,2,0,0,0,G,T,2,0,1,2,0,0,2,1,2,2,0,0
rs4819849,1,1,1,1,1,A,G,1,2,0,0,2,0,1,2,2,0,2,2
rs9604967,0,0,1,0,2,T,C,2,1,0,2,0,0,2,1,1,2,0,0
rs9618937,1,0,1,1,1,G,A,1,2,0,0,2,0,1,2,2,0,2,2
rs5747999,0,0,2,0,0,C,A,2,0,1,2,0,0,2,1,2,2,0,0
rs13058496,0,0,1,0,0,G,A,2,1,0,2,0,0,2,1,1,2,0,0
rs2192431,0,2,0,0,0,G,T,2,0,1,2,0,0,2,1,2,2,0,0
rs9605075,1,0,0,0,0,A,G,2,1,0,2,0,0,2,1,1,2,0,0
rs361799,1,0,1,0,0,C,T,2,1,0,2,0,0,2,1,1,2,0,0
rs2385786,1,2,1,1,1,G,A,1,2,0,0,2,0,1,2,2,0,2,2
rs874836,1,0,0,0,0,A,G,2,1,0,2,0,0,2,1,1,2,0,0
rs2072466,0,2,0,0,0,C,T,2,0,1,2,0,0,2,1,2,2,0,0
rs4819923,1,0,1,1,1,T,G,1,2,0,0,2,0,1,2,2,0,2,2
rs9617950,0,0,0,2,0,A,G,3,0,0,2,0,0,3,0,0,2,0,0
rs2241046,1,0,0,0,0,A,T,3,0,0,2,0,0,3,0,0,2,0,0
rs2277830,2,0,0,0,0,C,A,3,0,0,2,0,0,3,0,0,2,0,0
rs879576,0,0,0,0,0,A,G,3,0,0,2,0,0,3,0,0,2,0,0
rs4819962,0,0,0,0,0,A,C,3,0,0,2,0,0,3,0,0,2,0,0
rs887796,0,0,0,0,0,C,A,3,0,0,2,0,0,3,0,0,2,0,0
