,odds_ratio,MAF,p_val,odds_ratio_correctness,MAF_correctness,p_val_correctness
rs2710888,1e-07,0.33333333333333376,1e-07,True,False,True
rs3128117,1e-07,1e-07,1e-07,True,True,True
rs745910,1e-07,1e-07,1e-07,True,True,True
rs3128126,1e-07,0.33333333333333376,1e-07,True,False,True
rs2250833,1e-07,1e-07,1e-07,True,True,True
rs908742,0.9285714285714286,0.2500000000000003,0.7286875494251557,False,False,False
rs7513222,0.0,0.0,0.0,True,True,True
rs7526076,0.75,1e-07,2.685787356537624,True,True,False
rs884080,0.5,0.24999999999999967,0.0,True,False,True
rs3128326,1.0,0.2499999999999999,0.19720664199801205,False,False,True
rs2296716,1.0,1e-07,0.0,False,True,True
rs2459994,0.0,0.0,0.0,True,True,True
rs3737728,0.0,1e-07,0.0,True,True,True
rs2803310,1.0,0.33333333333333276,0.0,False,False,True
rs6663158,0.0,2.000000000000001,1.059803431807168,True,False,False
rs9442398,1.0,1.0,0.5145167812820614,False,False,False
rs10910030,0.0,1e-07,1.059803431807168,True,True,False
rs2803309,1.0,1.0,0.0,False,False,True
rs6656398,0.5,2.000000000000001,0.24565056503310495,True,False,True
rs6687029,0.0,0.5000000000000003,0.0,True,False,True
rs6605081,0.0,1e-07,0.0,True,True,True
rs7531583,0.0,0.3333333333333333,0.3952575542899092,True,False,True
rs16824526,0.0,0.6666666666666667,0.3952575542899092,True,False,True
rs16824588,1.0,1.0,0.0,False,False,True
rs2298217,0.0,0.33333333333333276,0.0,True,False,True
rs2748987,6.0,1e-07,2.685787356537624,False,True,False
rs2262190,0.0,0.6666666666666667,0.3952575542899092,True,False,True
rs2803329,0.5,1e-07,0.0,True,True,True
rs12758705,0.5,1e-07,0.0,True,True,True
rs2295364,0.5,1e-07,0.0,True,True,True
rs6605074,1.0,1e-07,0.0,False,True,True
rs1878745,0.9375,1.0,0.6535965138444952,False,False,False
rs28508199,0.5,0.49999999999999933,0.0,True,False,True
rs4648807,0.0,0.0,0.0,True,True,True
rs2257182,0.0,1e-07,1.059803431807168,True,True,False
rs3123595,0.0,1e-07,0.0,True,True,True
rs262685,0.0,0.24999999999999967,0.0,True,False,True
rs2503701,1.0,0.33333333333333276,1.059803431807168,False,False,False
rs11240777,0.5,1e-07,1.059803431807168,True,True,False
rs9442619,1e-07,1e-07,1e-07,True,True,True
rs12036736,1.0000001200000046,1e-07,0.0746637637037996,False,True,True
rs262669,0.33333335999999975,1e-07,0.9729735667542517,True,True,False
rs377283,0.994736841998892,0.75,0.5691514275231999,False,False,False
rs12026349,1e-07,1e-07,1e-07,True,True,True
rs3128297,1e-07,1e-07,1e-07,True,True,True
rs6665593,1e-07,1e-07,1e-07,True,True,True
rs3128296,1.0000001200000046,1e-07,0.0746637637037996,False,True,True
rs1891910,1e-07,1e-07,1e-07,True,True,True
rs2460000,1e-07,1e-07,1e-07,True,True,True
rs3128291,1e-07,1e-07,1e-07,True,True,True
rs3107151,1e-07,1e-07,1e-07,True,True,True
rs925905,1e-07,1e-07,1e-07,True,True,True
rs4648808,1e-07,0.5000000000000001,1e-07,True,False,True
rs424079,1e-07,1e-07,1e-07,True,True,True
rs3052,3.000000240000009,1e-07,0.9729735667542517,False,True,False
rs7290,1.0,1.0,1.0,False,False,False
rs1571149,1.0,1.0,1.0,False,False,False
rs6603793,1e-07,1e-07,1e-07,True,True,True
rs3766178,1e-07,1e-07,1e-07,True,True,True
rs7519837,5.0,0.5833333333333333,0.023484906123072413,False,False,True
rs7520996,1.0,1.0,1.0,False,False,False
rs7531530,1.0,1.0,1.0,False,False,False
rs9439468,1.0,1.0,1.0,False,False,False
rs7533,1.0,1e-07,1.0,False,True,False
rs3128342,1.0,1e-07,1.0,False,True,False
rs880051,0.33333333333333337,0.4999999999999999,0.6928341814436428,True,False,False
rs3766180,0.6666666666666667,1e-07,0.6928341814436428,True,True,False
rs263533,1.0,0.7000000000000001,1.0,False,False,False
rs9651273,1.0,1e-07,1.0,False,True,False
rs12410859,1.0,1e-07,1.0,False,True,False
rs3748597,1.0,1.0,1.0,False,False,False
rs13303010,1.0,1.0,1.0,False,False,False
rs3753242,1.0,1.0,1.0,False,False,False
rs4970362,0.6666666666666667,1e-07,0.6928341814436428,True,True,False
rs3766192,1.0,1.0,1.0,False,False,False
rs9442372,0.6190476190476192,0.6249999999999999,0.6928341814436428,True,False,False
rs262688,1.0,1e-07,1.0,False,True,False
rs262654,1.0,0.6250000000000001,1.0,False,False,False
rs28603108,0.4999999700000006,2.000000000000001,0.07222066571416462,True,False,True
rs7548798,1.0,1.0,1.0,False,False,False
rs13303016,1.0,1.0,1.0,False,False,False
rs262641,0.9523809523809524,0.25000000000000017,0.6928341814436428,False,False,False
rs1153105,0.0,0.0,0.0,True,True,True
rs262683,0.8333333300000001,1.0000000000000004,0.8494249370822002,False,False,False
rs1240708,1.0,0.0,0.047617467829302616,False,True,True
rs35242196,0.0,0.0,0.0,True,True,True
rs17160669,0.125,1e-07,2.673740310293989,True,True,False
rs12142199,0.42857142857142855,0.24999999999999994,0.0,True,False,True
rs12410087,0.14285714285714285,0.33333333333333315,0.047617467829302616,True,False,True
rs3820011,0.9285714285714286,0.5000000000000006,0.047617467829302616,False,False,True
rs2376803,0.42857142857142855,0.3333333333333333,0.7277978529952284,True,False,False
rs6604983,0.0,0.0,0.0,True,True,True
rs28635343,0.0,0.33333333333333326,0.047617467829302616,True,False,True
rs28456011,0.0,0.0,0.0,True,True,True
rs6661597,0.0,0.8000000000000004,0.047617467829302616,True,False,True
rs3795283,0.0,1.2500000000000009,0.047617467829302616,True,False,True
rs2803291,0.0,0.33333333333333326,0.0,True,False,True
rs11804831,0.0,0.24999999999999994,0.0,True,False,True
rs3818646,0.42857142857142855,0.3333333333333334,0.0,True,False,True
rs873927,1.0,1.0,0.0,False,False,True
