,1,8,10,11,13,alt,ref
rs12157537,0,0,0,0,0,A,G
rs4145526,0,0,0,0,0,C,A
rs8142331,1,1,1,1,0,C,A
rs4911642,0,0,0,0,1,C,T
rs5747010,1,0,0,1,0,A,G
rs7286836,0,0,0,0,0,A,G
rs9604821,0,0,0,2,0,A,G
rs12172182,0,0,0,0,0,A,G
rs9605903,0,1,1,1,0,C,T
rs5746647,0,0,0,0,0,A,T
rs5747988,0,0,0,0,0,A,G
rs5747999,0,0,2,0,0,C,A
rs11089263,1,0,2,0,0,C,A
rs2096537,0,1,0,0,1,A,C
rs16984366,2,0,0,1,1,C,T
rs28455862,0,0,0,0,0,C,A
rs9604967,0,0,1,0,0,T,C
rs4428101,2,0,0,0,1,T,C
rs4819849,0,1,1,1,1,A,G
rs9605028,0,0,1,0,0,G,A
rs361799,0,0,1,0,0,C,T
rs361973,0,0,1,0,0,G,A
rs12106650,0,1,1,1,0,T,C
rs2529883,0,0,0,0,0,A,C
rs9605075,1,0,0,0,0,A,G
rs16981507,0,0,0,0,0,A,C
rs5993924,1,1,1,1,1,G,A
rs3016111,0,0,0,0,0,A,C
rs2845377,0,0,0,0,0,A,C
rs5748567,1,1,1,0,1,A,G
rs10084637,0,0,0,0,0,A,T
rs5746879,1,1,1,0,1,C,T
rs7286463,1,1,0,1,0,T,C
rs17432784,0,0,0,0,0,A,C
rs2845379,1,2,1,1,0,T,C
rs2845380,0,1,1,0,0,A,G
rs2845346,0,1,1,0,0,C,T
rs16981635,0,0,0,0,0,A,C
rs1807512,0,0,1,1,1,C,T
rs4819880,1,2,1,1,0,G,A
rs5748593,0,1,1,0,0,T,C
rs4390844,0,1,0,0,0,C,T
rs9606442,0,2,1,1,0,G,A
rs2190742,0,1,0,1,0,T,C
rs5748614,0,1,1,0,0,A,C
rs5748617,0,2,1,1,0,G,A
rs8140156,0,0,1,0,0,A,G
rs5748622,0,1,0,0,0,G,T
rs9605145,0,2,1,1,0,A,G
rs5748623,0,1,0,0,0,A,C
rs9605146,0,2,1,1,0,G,A
rs16981669,0,0,0,0,0,C,A
rs759235,0,1,0,0,0,C,T
rs4819887,0,1,0,0,0,T,G
rs4286363,0,2,1,1,0,C,T
rs5748632,0,1,0,0,0,T,C
rs8139612,0,1,0,1,0,T,C
rs5748633,0,1,0,0,0,G,A
rs9606468,0,1,0,1,1,C,T
rs5748636,1,2,0,0,1,A,G
rs738045,1,0,1,1,1,A,G
rs2385714,0,0,1,1,0,C,T
rs2080203,1,0,1,1,1,G,T
rs2072467,0,0,0,0,0,A,T
rs2072466,0,2,0,0,0,C,T
rs7291429,1,0,1,0,1,T,G
rs874835,0,0,1,0,1,G,A
rs874836,1,0,0,0,0,A,G
rs5994031,0,2,1,0,1,T,C
rs2192431,0,2,0,0,0,G,T
rs175139,0,2,1,0,1,T,C
rs983305,0,0,1,0,1,A,G
rs9606478,1,2,0,0,0,G,A
rs175140,0,2,0,0,0,G,T
rs175149,0,2,1,0,1,G,A
rs175150,0,2,0,0,0,A,C
rs9606481,0,0,1,0,1,C,T
rs17363716,1,0,0,2,1,C,T
rs165757,1,0,0,0,1,G,A
rs175152,1,0,0,0,1,A,C
rs165611,0,2,2,0,0,C,T
rs165778,1,0,0,0,1,T,C
rs165810,0,2,2,0,0,A,C
rs2075120,1,0,0,2,1,T,C
rs175154,1,0,0,0,1,A,G
rs165927,0,2,2,0,0,A,G
rs12158448,0,0,0,0,0,A,G
rs2041608,0,0,0,0,0,A,T
rs165886,1,1,0,0,1,G,A
rs165608,0,1,2,0,0,A,G
rs17444804,0,0,0,1,0,T,C
rs1860945,0,1,1,1,0,C,T
rs737936,0,1,1,0,0,A,G
rs16981833,0,0,0,0,0,A,C
rs7288841,0,1,1,0,0,T,C
rs9606534,0,1,1,0,0,C,T
rs7292561,0,1,2,0,0,C,T
rs7293026,0,0,0,0,2,T,C
rs13058496,0,0,1,0,0,G,A
rs8136206,0,0,0,0,2,C,A
rs1990485,0,0,0,1,2,G,T
rs5992587,1,1,0,1,0,T,C
rs11703901,1,0,1,0,0,T,C
rs12485066,1,0,1,0,0,A,G
rs5994093,1,1,0,0,0,T,C
rs5748744,1,1,0,1,0,G,A
rs9306242,1,1,0,1,0,G,A
rs9605179,1,1,2,1,0,G,A
rs5992590,2,1,0,0,0,C,T
rs5994096,0,0,0,0,0,A,G
rs5994097,0,0,0,0,0,A,T
rs9618937,1,0,1,1,1,G,A
rs5748748,0,0,0,0,0,A,T
rs5748752,0,0,0,0,1,C,T
rs2385785,0,0,0,0,0,A,G
rs5748756,1,0,1,1,0,C,A
rs1981707,1,0,1,1,0,C,T
rs1981708,0,0,0,0,0,C,A
rs11914222,0,0,0,0,0,A,T
rs7510758,0,0,0,0,0,A,T
rs4819923,1,0,1,1,1,T,G
rs5994105,0,0,0,0,0,A,G
rs5748760,0,0,0,0,1,A,G
rs5748761,1,0,1,1,0,C,T
rs9618948,1,0,1,1,0,T,G
rs2385786,1,0,1,1,1,G,A
rs1990483,1,0,1,1,1,C,T
rs17733785,0,0,0,0,0,A,T
rs5992598,1,0,1,1,0,T,C
rs7287116,1,0,1,1,0,C,T
rs1024732,1,0,1,1,1,G,A
rs9605183,0,0,0,0,0,A,C
rs5748765,1,0,1,1,1,A,C
rs1541529,0,0,0,0,0,A,G
rs5748766,1,0,1,1,0,G,T
rs4819925,0,0,0,0,1,C,T
rs16981911,0,0,0,0,0,A,G
rs5992600,0,0,0,0,0,A,T
rs757630,0,0,0,0,0,A,C
rs4819545,1,0,1,1,1,A,C
rs4819932,1,1,0,0,1,C,A
rs4819934,0,0,0,0,0,A,G
rs4819935,0,0,0,0,1,C,A
rs4819936,0,0,0,0,0,A,G
rs5992604,1,0,1,1,1,G,A
rs9618954,1,0,0,1,0,A,C
rs17204811,0,0,0,0,0,C,A
rs5994123,0,0,0,0,0,C,A
rs5748798,1,0,1,1,1,G,A
rs7291404,1,1,0,0,1,A,G
rs11913227,0,0,0,0,0,A,T
rs5994128,1,0,1,1,1,A,G
rs5994129,1,0,1,1,1,G,A
rs917838,0,0,1,0,0,C,T
rs2399153,1,0,0,1,1,A,G
rs5746962,1,1,0,0,1,G,A
rs4141523,1,0,0,1,1,G,T
rs4819940,1,0,0,1,2,G,A
rs17806741,0,0,0,0,0,A,G
rs5994130,0,1,2,0,0,A,G
rs1966416,0,0,0,1,0,T,C
rs2399168,0,0,0,0,0,A,C
rs5748829,1,1,0,0,0,G,A
rs928831,0,0,0,0,0,A,T
rs2845394,0,1,2,1,0,G,A
rs9617950,0,0,0,0,0,A,G
rs2845393,2,1,0,1,1,T,G
rs3804061,0,0,0,0,0,A,C
rs947822,0,1,2,1,0,C,T
rs12159416,0,0,0,0,0,A,T
rs16981972,0,0,0,0,1,T,C
rs9606592,0,1,2,1,0,G,T
rs5748845,1,1,0,0,0,T,C
rs5994155,1,0,0,1,1,C,A
rs1114450,0,1,2,1,0,A,G
rs2041629,1,0,0,1,2,A,G
rs4819956,1,1,0,0,0,C,A
rs4819553,1,0,0,1,1,G,A
rs4819554,1,0,0,1,1,G,A
rs2241042,1,0,0,1,2,A,C
rs6518660,1,1,0,0,0,G,A
rs13053889,1,0,0,1,1,T,C
rs9606615,1,0,0,2,1,C,T
rs2302519,1,1,1,0,1,T,C
rs2241046,0,0,0,0,0,A,T
rs2241049,1,1,1,0,1,A,G
rs6518661,0,1,1,0,1,A,G
rs879577,0,1,1,0,1,T,C
rs879576,0,0,0,0,0,A,G
rs879575,0,1,1,0,1,T,C
rs1468488,0,1,1,0,1,C,T
rs2895332,0,0,0,0,0,C,A
rs887796,0,0,0,0,0,C,A
rs738034,0,0,0,0,0,C,A
rs1003945,0,0,0,0,0,A,C
rs4819962,0,0,0,0,0,A,C
rs971768,0,0,0,0,0,A,G
rs2277830,0,0,0,0,0,C,A
rs3827295,0,0,0,0,0,A,G
rs5992629,0,0,0,0,0,C,A
rs5746996,0,0,0,0,1,C,A
rs4819964,0,0,0,0,0,C,A
rs5748875,0,1,1,0,0,C,T
rs9605222,0,0,0,0,0,A,G
rs5748883,1,1,1,1,1,T,C
rs5747004,0,0,0,0,0,A,C
rs5994170,0,0,0,0,1,G,A
rs4819558,1,1,1,1,1,T,C
rs5994175,1,1,0,1,0,T,G
rs740422,0,0,1,0,1,T,C
rs5747007,0,0,0,0,0,C,A
rs7287119,1,1,0,1,0,T,C
rs2286955,0,0,0,0,0,A,C
rs5747008,0,0,0,0,0,C,A
rs2302521,0,0,0,0,0,A,G
rs3788268,0,0,0,0,0,A,C
rs1034859,1,1,1,1,0,C,A
rs3788269,0,0,0,0,0,A,G
rs4423695,0,0,0,0,0,A,T
rs5994186,0,1,1,1,1,A,G
rs5748923,0,1,1,1,1,G,T
rs5748926,1,0,0,1,1,T,C
rs1125471,2,1,0,1,1,C,A
rs1076102,2,1,0,1,1,G,A
rs1135909,1,1,0,0,0,C,T
rs1139056,1,1,0,0,0,G,A
rs7285896,1,1,0,0,0,T,C
rs3764847,1,1,0,0,0,C,T
rs1079554,0,0,0,0,0,A,C
rs2231496,1,0,0,1,1,C,T
rs2231495,0,2,1,1,1,T,C
rs5992636,0,0,0,0,0,A,G
rs1544504,0,2,1,1,0,T,C
rs2286346,0,0,0,0,0,A,C
rs4819973,2,0,0,1,1,T,C
rs5992637,0,1,1,1,1,A,C
rs11912507,0,1,1,0,0,G,A
rs5747018,1,1,1,0,1,C,T
rs17807317,2,1,1,0,1,C,A
rs1076105,0,0,0,0,0,A,G
rs1076106,0,1,1,0,0,C,A
rs2240617,0,1,0,0,0,A,G
rs362129,0,1,0,2,1,G,A
rs5748952,1,0,1,1,2,C,A
rs5748955,0,0,1,1,2,G,A
rs8136533,0,0,1,1,0,T,C
rs737967,1,1,1,1,0,C,T
rs737966,0,0,0,0,0,A,G
rs5748965,0,0,1,1,2,C,T
rs5748966,1,1,1,1,0,C,T
rs5994213,1,1,0,0,0,A,G
rs737962,1,1,1,1,0,T,C
rs9606661,0,0,0,0,0,A,C
rs2019180,0,0,0,0,0,A,G
rs4819564,2,2,0,0,1,G,A
rs5748972,1,0,0,0,0,A,G
rs4819979,1,0,1,1,1,G,T
rs5747035,0,0,0,1,0,C,T
rs4266110,0,0,0,1,0,C,T
rs1006015,1,0,0,1,0,A,G
rs5748979,0,1,0,0,0,G,A
rs5747037,0,1,0,1,0,A,G
rs8141904,0,0,1,0,0,G,T
rs9605246,0,0,0,1,1,C,T
rs9606669,0,0,0,0,0,A,T
rs13056269,0,0,0,0,0,A,T
rs17807605,0,1,0,0,1,T,C
rs758221,1,0,0,1,0,G,A
rs5994231,1,0,1,0,0,C,T
rs16982258,0,0,1,0,0,C,A
rs5992649,0,0,0,0,0,A,T
rs5994238,0,0,0,0,0,A,G
rs5749006,1,0,0,0,0,A,G
rs4819993,1,0,1,0,0,T,C
rs5749011,1,0,0,0,0,C,T
rs11704699,1,0,0,0,0,G,T
rs4819994,1,0,0,0,0,C,T
rs4541325,1,2,1,0,0,T,C
rs5749016,1,2,0,0,0,T,C
rs12160031,0,0,0,0,0,A,G
rs737972,1,2,0,0,0,G,A
rs5749028,1,0,1,1,1,G,A
rs9605252,0,2,0,0,0,T,C
rs4819996,0,0,1,1,1,A,G
rs9606682,0,0,1,1,1,T,C
rs9617982,0,0,0,0,0,A,G
rs5994253,1,0,0,0,1,A,G
rs5749032,1,1,0,1,2,G,A
rs9605254,1,1,0,0,1,G,A
rs5994256,1,0,0,1,0,C,T
rs9605258,1,0,0,1,0,G,T
rs9306256,1,0,0,0,0,T,C
rs9619055,1,0,0,0,0,T,C
rs5994258,1,0,0,0,0,G,A
rs5994260,1,0,0,0,0,G,A
rs17808489,0,0,0,0,0,A,G
rs5994271,0,1,1,1,1,G,A
rs4819575,0,0,0,0,0,A,C
rs361626,0,0,1,0,0,T,G
rs4820001,1,1,0,1,1,A,G
rs2401081,0,0,1,0,2,C,T
rs5994287,1,0,0,0,1,C,T
rs2040692,1,0,1,1,2,T,C
rs9606695,0,0,0,0,1,A,G
rs5747072,0,0,1,1,1,C,A
rs4607032,0,0,1,1,1,T,G
rs737915,0,0,1,2,1,G,A
rs5749060,0,2,1,0,1,C,T
rs5992034,0,0,0,0,1,T,G
rs9618000,0,0,0,0,0,C,A
rs5746359,0,0,0,0,0,A,C
rs9604737,0,2,1,0,0,G,A
rs4273306,1,2,1,0,0,C,T
rs9604738,1,2,1,0,0,A,G
rs5992041,0,0,1,1,1,T,C
rs7285871,0,0,1,2,1,T,C
rs5747087,1,1,1,1,1,T,C
rs4819447,0,0,0,0,0,A,T
rs9604740,1,1,1,1,1,G,A
rs16982367,0,0,0,0,0,A,T
rs737916,1,1,1,1,1,G,A
rs5747103,1,1,1,1,1,T,C
rs4239844,1,1,1,1,1,T,C
rs17808603,0,0,0,0,0,A,C
rs1860309,1,1,1,1,1,G,A
rs5746366,1,1,1,1,1,G,A
rs7289964,0,0,0,0,0,C,A
rs5747112,1,1,1,1,1,G,A
rs2522311,1,1,1,1,0,G,A
rs9617575,0,0,0,0,0,A,T
rs5992044,1,1,1,1,0,A,G
rs16982400,0,0,0,0,0,A,T
rs5992046,0,0,1,0,0,T,C
rs17808076,0,0,1,0,0,G,A
rs5747122,0,0,0,0,0,C,A
rs2518746,1,1,2,0,0,A,G
rs2895937,0,0,1,0,0,G,A
rs2522314,1,1,1,0,0,T,C
rs1981533,1,1,1,0,2,T,G
rs2189077,0,0,0,1,0,C,T
rs2189078,1,1,0,0,2,A,G
rs9306194,0,0,0,1,0,C,T
rs5992707,0,0,1,0,0,G,A
rs5992709,0,0,1,1,0,A,G
rs5747145,0,1,0,1,0,A,G
rs5746398,0,0,1,1,0,C,T
rs5747167,0,0,1,0,0,G,A
rs1004973,0,0,1,1,0,A,G
rs2157720,1,1,1,0,1,T,C
rs5746406,0,0,0,1,0,A,G
rs2522284,0,0,0,0,1,C,T
rs5747176,0,0,0,1,0,G,A
rs2522285,0,0,0,1,0,C,A
rs2518751,2,2,1,0,0,G,A
rs5747183,0,0,0,0,0,A,G
rs2522288,0,0,0,1,0,C,T
rs5747187,0,0,0,0,0,A,C
rs4819591,0,0,0,0,0,A,C
rs5747190,0,0,0,0,1,A,C
rs1557622,0,0,0,1,1,T,C
rs17808986,0,0,0,0,0,A,G
rs5747195,0,0,0,0,0,C,A
rs2522297,0,1,1,1,0,C,T
rs5747200,0,1,1,2,0,C,T
rs13053651,0,1,1,2,0,A,G
rs882614,2,1,0,0,1,G,A
rs882613,0,1,0,0,1,T,C
rs2518768,0,0,1,0,1,G,A
rs16982544,0,1,1,0,0,C,T
rs7288509,0,1,1,0,0,G,A
rs10483093,0,1,1,0,0,G,A
rs5746419,0,0,1,2,0,C,T
rs5747204,0,0,1,2,0,A,G
rs174289,2,1,0,0,1,C,A
rs17808446,0,1,1,0,0,G,A
rs1296748,0,0,0,0,1,T,C
rs4819594,0,2,0,0,1,C,T
rs9605311,0,2,0,0,1,A,G
rs8141657,0,0,0,2,1,A,G
rs4819596,1,0,1,0,0,G,A
rs5747211,0,0,0,0,0,A,G
rs174293,1,0,2,0,1,A,G
rs16982574,0,0,0,0,0,A,G
rs174294,0,0,1,0,1,C,T
rs5747214,0,0,0,0,0,A,T
rs174305,0,0,1,0,0,T,G
rs174306,0,1,0,2,1,G,A
rs174313,0,0,1,0,0,G,T
rs13053400,0,0,0,0,1,A,G
rs9617592,0,0,0,0,1,C,T
rs1296778,0,0,1,0,0,A,G
rs174330,2,1,1,0,1,T,C
rs9605317,0,0,0,0,0,C,A
rs2401125,0,0,1,0,0,G,T
rs174332,0,1,1,2,1,G,A
rs1974713,0,0,0,0,0,A,T
rs2018494,0,0,0,0,0,A,G
rs174335,0,1,0,2,1,A,G
rs1296792,0,0,1,0,0,T,C
rs2300687,0,0,0,0,0,C,A
rs1296793,0,0,1,0,0,C,T
rs2268776,1,1,0,0,0,C,T
rs1296794,0,0,1,0,0,T,C
rs1296795,0,0,1,0,0,G,A
rs9605323,0,0,0,0,0,A,C
rs113837,0,0,0,0,1,A,G
rs174345,1,0,0,2,1,G,A
rs174347,1,2,0,0,0,A,C
rs174348,1,2,1,0,1,G,A
rs174351,1,0,1,2,1,G,A
rs885971,0,0,1,0,1,G,A
rs11704780,0,0,0,0,0,C,A
rs1296805,0,0,1,0,1,G,T
rs174368,0,0,0,2,1,G,A
rs2284827,0,0,1,0,1,A,G
rs412830,0,0,0,2,1,T,C
rs423158,2,1,1,0,1,G,A
rs1296812,0,0,1,0,1,G,C
rs174371,1,0,1,2,0,A,G
rs1003494,1,1,0,0,1,C,T
rs5746439,0,0,0,0,1,G,A
rs8137960,0,0,0,0,0,A,T
rs16980869,0,0,0,0,0,C,A
rs5992749,0,0,0,0,0,A,G
rs1296819,1,1,0,0,1,A,C
rs1296820,1,1,0,0,1,T,G
rs1296826,1,1,0,0,1,C,T
rs5992751,1,1,0,0,2,G,A
rs2072555,0,0,0,0,1,T,G
rs714504,1,0,0,0,0,C,T
rs3747023,1,1,0,0,2,T,C
rs4239846,1,1,0,0,2,A,C
rs7287843,0,0,0,0,0,A,T
rs2300688,1,1,0,0,2,G,A
rs2401158,0,0,0,0,1,A,G
rs12159924,1,1,0,0,2,T,C
rs5992761,0,0,0,0,0,C,A
rs5747285,2,1,0,0,2,T,C
rs5747297,2,1,0,1,1,G,A
rs5747302,0,1,2,1,0,G,A
rs1080199,1,1,0,1,1,T,C
rs11704728,0,0,0,0,1,T,C
rs2401163,1,0,1,0,0,C,T
rs5992088,1,1,0,1,1,G,A
rs2587103,1,0,1,0,0,T,C
rs11704288,0,0,0,0,1,A,G
rs1978967,1,1,0,1,0,A,G
rs5992090,0,0,0,1,0,T,C
rs16981016,0,0,0,0,0,C,A
rs2535704,1,0,1,0,0,A,G
rs5992093,0,0,0,1,0,G,A
rs2257083,1,0,1,0,0,C,T
rs12160637,0,0,0,1,0,C,T
rs2535707,1,1,0,1,1,G,A
rs9617611,0,0,0,1,0,T,C
rs5992801,0,0,0,1,0,T,C
rs7290510,0,0,0,0,1,G,A
rs10222315,0,0,0,0,0,A,T
rs3788279,0,1,1,1,1,A,G
rs4488761,1,0,1,1,1,A,G
rs9306198,0,0,0,0,0,A,C
rs725768,0,0,0,0,0,A,T
rs725770,0,0,0,0,1,A,G
rs9967,0,1,1,1,0,C,T
rs713671,0,0,0,1,0,A,G
rs8919,0,1,1,1,0,A,G
rs5747338,0,1,1,1,0,T,G
rs17809603,0,0,1,0,0,G,A
rs11538,0,0,0,0,1,G,A
rs181390,1,1,1,0,2,G,A
rs8190330,0,1,0,1,0,A,G
rs181396,0,1,1,1,1,A,G
rs181399,0,0,1,0,0,C,T
rs1468926,1,1,0,0,0,G,T
rs8190315,1,0,0,0,0,C,T
rs8190314,0,0,0,0,0,A,G
rs5747339,0,1,1,1,0,C,T
rs181405,0,1,1,0,0,A,G
rs372655,1,0,0,1,1,A,G
rs9604787,0,0,0,0,0,A,G
rs181408,1,0,1,1,1,T,C
rs181417,0,1,0,1,0,A,G
rs5746474,2,0,0,1,0,C,T
rs5747351,2,0,0,1,0,G,A
rs9605401,0,0,0,1,0,T,A
rs738095,0,0,0,0,0,A,C
rs366542,1,1,1,1,1,T,C
rs454566,0,1,0,1,1,G,A
rs5992834,0,0,0,0,0,A,G
rs391085,0,1,0,1,1,C,T
rs5992103,0,0,0,0,0,A,C
rs408656,0,1,0,1,0,T,C
rs5992838,1,2,0,0,1,A,G
rs443627,1,1,1,0,0,C,T
rs7675,1,0,0,1,0,T,C
rs382013,1,1,1,0,0,A,G
rs5992105,0,1,0,0,0,G,A
rs2241252,0,0,0,0,0,C,A
rs369081,0,2,0,0,0,C,T
rs390041,0,2,0,0,0,T,C
rs389496,0,1,0,0,0,A,G
rs8140645,0,1,0,0,0,A,G
rs429940,0,2,0,1,0,G,A
rs388415,0,1,0,1,0,C,T
rs399757,0,2,0,0,0,C,T
rs4269007,1,1,1,0,0,T,G
rs2277831,1,1,1,0,0,G,A
rs5992854,1,1,1,1,0,C,T
rs5992113,0,0,0,1,0,C,A
rs5992861,1,1,1,1,0,A,G
rs5992117,0,0,0,1,0,A,C
rs5992118,1,1,1,0,0,T,C
rs5992122,1,0,1,1,2,T,C
rs424931,1,1,1,1,1,G,A
rs367922,1,1,1,1,1,G,A
rs450975,0,0,0,1,1,T,C
rs451840,1,1,1,1,1,T,C
rs451740,0,0,0,1,1,T,C
rs8139723,0,0,0,0,0,A,C
rs439231,0,0,0,1,1,T,C
rs2542334,0,0,1,1,1,T,C
rs2587109,0,0,0,1,1,C,T
rs9618142,0,0,0,0,0,A,G
rs5992877,0,0,0,0,0,A,G
rs2587113,0,1,0,1,1,G,A
rs2160760,0,1,0,1,1,T,C
rs2016042,0,1,1,1,1,T,C
rs873387,0,1,1,1,1,G,A
rs5992879,0,0,0,0,0,C,A
rs4819639,0,1,1,1,1,T,C
rs5992126,0,0,0,0,0,A,C
rs5746486,0,1,1,1,1,T,C
rs5746487,0,1,1,1,1,T,C
rs5992128,0,0,0,0,0,A,T
rs1076113,0,0,0,0,0,A,C
rs2289718,0,1,1,1,1,A,G
rs9604799,0,0,0,0,0,A,C
rs5747395,0,1,1,1,1,C,T
rs3747031,0,1,1,1,1,T,C
rs2075454,0,1,1,1,1,C,T
rs8141766,0,1,1,1,1,C,A
rs9605426,0,0,0,0,0,A,G
rs12167602,0,0,0,0,0,A,G
rs4819647,1,1,0,1,1,G,A
rs4819648,1,0,2,0,0,T,C
rs5746492,0,1,0,1,1,G,A
rs5747405,1,1,0,1,0,T,C
rs4819649,0,0,0,0,1,A,C
rs5747408,1,1,0,1,1,C,T
rs5746497,1,1,0,1,0,A,G
rs1072405,0,0,0,0,1,G,T
rs1076111,1,1,0,1,1,T,C
rs1076110,1,1,0,1,1,A,G
rs4484121,0,0,0,0,0,A,C
rs9605439,1,0,2,0,1,C,T
rs9604809,0,0,0,0,0,A,T
rs9618172,0,0,0,0,0,A,C
rs431071,1,2,0,2,0,T,G
rs1109052,1,0,2,0,1,T,C
rs5747428,0,0,0,0,0,A,G
rs8135939,0,0,0,0,1,G,A
rs9605447,0,0,0,0,0,A,T
rs5746498,0,0,0,0,1,C,T
rs7290544,0,0,0,0,0,A,C
rs384215,1,0,2,0,1,G,A
rs12166570,0,0,0,0,0,A,C
rs1076539,0,0,0,0,1,G,A
rs1076540,0,0,0,0,1,T,C
rs382983,1,2,0,2,0,T,C
rs5992916,1,2,0,2,0,T,C
rs5992917,0,0,0,0,1,T,G
rs7286607,0,0,0,0,1,C,T
rs433576,1,0,2,0,1,A,G
rs444279,1,0,2,0,2,T,C
rs453557,1,0,2,0,2,G,A
rs437526,1,0,2,0,1,A,C
rs9605473,0,0,0,0,1,G,A
rs385105,1,0,2,0,1,A,G
rs424923,1,0,2,0,2,T,C
rs394843,1,2,0,2,0,G,A
rs116167,1,2,0,2,0,T,G
rs5992949,0,0,0,0,0,A,G
rs5992146,0,0,0,0,0,A,T
rs401910,1,0,2,0,2,G,A
rs424765,1,0,1,0,2,C,T
rs5992962,0,0,0,0,1,G,A
rs397709,0,0,0,0,2,C,A
rs450718,0,0,1,0,1,G,A
rs452579,0,0,0,0,0,A,G
rs390495,1,0,1,0,2,G,T
rs2034299,1,0,1,0,1,G,A
rs1867357,0,0,0,0,0,A,G
rs8139236,0,0,0,0,1,G,A
rs1076115,0,1,0,0,1,C,T
rs4819661,1,0,0,0,0,A,G
rs975826,1,0,0,0,0,A,G
rs450703,0,1,1,1,1,G,A
rs465101,1,1,1,0,0,T,C
rs462904,1,1,1,1,0,G,T
rs466755,0,0,0,0,0,C,A
rs455758,0,1,1,1,0,A,G
rs458888,0,1,2,1,1,T,C
rs9605514,0,0,0,0,0,A,G
rs458480,0,0,1,1,1,C,T
rs460036,0,0,1,1,0,T,C
rs7288409,0,1,0,0,0,G,A
rs5992985,0,2,1,1,1,T,C
rs11703869,0,0,0,1,0,T,C
rs5992990,0,0,0,1,0,G,A
rs17207304,0,1,0,0,1,C,T
rs5992165,2,0,1,0,1,G,A
rs17742344,0,1,0,0,1,A,G
rs9618193,0,1,0,0,1,C,T
rs10483096,0,0,0,0,0,C,A
rs17809705,0,1,1,0,0,T,C
rs4819666,1,0,1,1,1,A,G
rs8139802,0,0,0,1,0,T,G
rs462055,1,1,0,0,0,T,C
rs12157958,0,0,0,0,0,A,T
i5001333,0,0,0,0,0,A,T
rs61752131,0,0,0,0,0,A,T
rs61752132,0,0,0,0,0,A,T
rs28940308,0,0,0,0,0,A,G
rs62641228,0,0,0,0,0,A,C
rs62641229,0,0,0,0,0,A,G
i5001332,0,0,0,0,0,A,G
rs464541,0,0,0,0,1,C,T
rs361780,0,0,0,0,0,A,G
rs12484657,0,0,0,0,0,A,C
rs61752136,0,0,0,0,0,A,C
rs17207360,1,0,0,0,1,T,C
rs385130,1,1,0,0,1,T,G
rs464385,1,1,0,0,1,G,A
rs361807,0,0,0,0,0,A,C
rs5992169,0,0,0,0,0,A,G
rs362128,0,0,0,0,0,A,T
rs467998,0,0,0,0,0,C,A
rs467504,1,1,0,0,1,T,C
rs3827281,1,1,0,0,1,T,C
rs17809734,1,0,0,0,0,A,G
rs468789,0,0,0,0,0,A,T
rs9617659,0,0,0,0,0,C,A
rs5992999,0,1,0,0,0,A,C
rs361893,0,0,0,0,1,C,T
rs9617661,1,1,0,1,0,G,T
rs362043,1,1,0,0,0,T,G
rs361540,1,2,0,1,1,G,A
rs9618203,0,0,0,0,0,A,G
rs362133,1,0,0,0,0,C,T
rs362195,0,0,0,0,0,A,G
rs2234329,0,1,0,1,0,T,G
rs2234331,0,0,0,0,0,A,C
rs361776,0,0,0,0,0,A,G
rs362249,2,1,0,1,0,G,A
rs10427839,0,0,0,0,0,A,C
rs7286465,0,0,0,0,0,C,A
rs361557,1,0,0,0,0,G,A
rs8140197,0,0,0,0,0,A,G
rs2540620,1,0,0,0,1,C,A
rs5747490,0,0,0,0,0,C,A
rs5993010,0,0,0,0,0,C,A
rs361534,2,2,0,1,0,T,C
rs5747494,0,0,0,0,0,A,C
rs7291885,2,0,0,0,0,T,C
rs9618216,2,0,0,0,1,T,C
rs5993013,0,2,0,1,0,A,G
rs5992185,0,2,0,1,1,C,A
rs2252257,0,1,2,1,1,G,A
rs2543953,2,1,0,1,1,G,A
rs3859817,0,0,0,0,0,A,C
rs2543958,0,1,0,0,1,G,T
rs2870978,1,0,1,0,1,A,C
rs2870982,0,0,0,0,0,C,A
rs17742907,0,0,0,0,0,A,G
rs454534,1,0,0,1,1,A,G
rs2080346,0,1,1,0,0,A,G
rs407895,1,0,1,0,1,T,C
rs418623,0,1,1,0,0,C,T
rs2005883,0,1,0,1,0,T,C
rs413280,0,1,1,0,0,C,A
rs16983281,0,0,0,0,0,A,C
rs16983347,0,0,0,0,0,A,G
i5002555,0,0,0,0,0,A,G
rs450046,0,1,0,0,0,C,T
rs5992333,0,0,0,0,0,A,G
rs375115,0,1,0,0,0,T,G
rs2870983,0,0,1,0,0,T,C
rs3970559,0,0,0,0,0,A,G
rs2904552,0,0,0,1,0,T,C
rs2238731,0,0,0,0,0,A,C
rs9618419,1,0,0,0,0,T,G
rs2005736,0,0,0,0,1,T,C
rs11913840,0,0,0,0,0,A,C
rs4819756,0,0,0,0,1,A,G
rs378830,0,0,0,0,1,A,G
rs2238732,1,0,0,0,0,T,C
rs2016108,0,1,1,2,1,G,A
rs759404,2,0,0,0,0,T,C
rs2238733,0,1,1,2,0,A,C
rs367766,0,0,0,0,1,C,T
rs759406,0,0,0,0,0,A,C
rs16983593,1,0,0,0,0,C,T
rs3788287,0,1,0,0,1,A,G
rs2008720,1,1,1,0,0,G,T
rs9604911,1,0,1,0,1,T,G
rs5992339,1,1,1,0,0,A,G
rs36087555,0,0,0,0,2,T,G
rs9605907,0,1,1,0,0,A,G
rs9618430,0,0,0,0,0,A,G
rs5993445,0,1,0,2,0,C,T
rs1814226,1,1,1,2,0,T,C
rs7288481,1,1,1,1,0,A,G
rs2019061,1,1,1,1,0,G,A
rs9680846,1,1,1,1,0,T,C
rs2078743,0,0,0,1,0,A,G
rs2540648,0,0,0,1,0,G,A
rs5747950,0,2,0,2,0,A,G
rs9604912,0,0,0,0,0,A,T
rs2041780,0,2,0,1,0,G,A
rs2023634,0,0,0,1,0,G,A
rs2518802,0,0,0,1,0,C,A
rs2518805,0,0,0,1,0,G,A
rs1210635,0,2,0,1,0,A,C
rs7291719,0,0,0,0,0,A,C
rs1210638,0,2,0,1,0,T,C
rs2913,0,2,0,1,0,G,A
rs5993459,0,0,0,0,0,A,C
rs2023635,1,1,0,0,1,G,A
rs17810512,1,1,0,0,1,C,A
rs7293061,0,0,0,0,0,A,T
rs5993462,0,0,0,0,0,A,C
rs5993463,1,1,0,0,1,T,C
rs4431035,1,1,0,0,1,G,A
rs10483098,0,0,0,0,0,A,G
rs17810548,0,0,0,0,0,A,C
rs3747048,0,0,0,0,0,A,C
rs2871006,1,1,0,0,1,T,G
rs3848856,0,0,0,0,1,T,G
rs2073776,1,1,0,0,1,T,C
rs6623,2,0,0,0,1,T,C
rs10160,2,1,0,0,1,G,A
rs2072123,2,0,0,0,1,G,A
rs1001896,2,0,0,0,1,A,G
rs5992354,2,0,0,0,1,C,T
rs10854539,2,0,0,0,0,A,G
rs2238735,0,0,0,0,0,A,G
rs2238740,0,0,0,0,0,A,G
rs2238743,2,1,0,0,1,G,T
rs2238748,2,0,0,0,1,C,T
rs17743576,0,0,0,0,1,C,T
rs2238754,0,0,1,0,0,T,C
rs1557847,2,0,0,0,1,G,A
rs5993516,2,0,0,0,0,A,G
rs2800960,0,0,0,0,0,A,T
rs2800969,2,0,0,0,1,T,C
rs1934895,2,0,0,0,0,G,A
rs2189490,2,1,0,0,1,T,C
rs5993531,0,0,0,0,0,A,C
rs2066240,0,0,0,0,1,A,G
rs2800981,2,1,0,0,1,A,G
rs2525079,2,0,0,0,0,C,T
rs5993533,2,0,0,0,0,G,A
rs2800987,2,0,0,0,0,A,G
rs807752,2,0,0,0,1,T,G
rs807758,2,1,0,0,1,C,T
rs807759,2,1,0,0,1,G,A
rs1076857,0,0,0,0,0,A,C
rs8142486,0,0,0,0,0,A,G
rs3747051,0,0,0,0,0,A,G
rs3747052,0,0,0,0,0,C,A
rs8140743,0,0,0,0,0,A,T
rs1052756,0,0,0,0,0,A,C
rs1052763,0,0,0,0,0,A,C
rs1052773,0,0,0,0,0,A,G
rs2285858,0,0,0,0,0,A,C
rs712965,2,0,0,0,0,A,G
rs2240111,0,0,0,0,0,A,C
rs2240112,0,0,0,0,1,C,T
rs16983371,0,0,0,0,1,C,T
rs5747997,2,1,0,0,1,C,T
rs17743887,0,1,0,0,0,T,C
rs737923,0,0,1,0,0,G,A
rs715544,0,0,1,0,0,A,G
rs4819776,0,0,0,0,0,A,C
rs4819778,0,0,1,0,0,T,C
rs5992372,0,2,1,0,0,G,A
rs2275901,0,0,0,0,0,A,G
rs12484562,0,1,0,0,1,G,T
rs5993546,0,1,0,1,0,A,G
rs2096376,0,1,2,0,0,C,T
rs5748014,2,1,0,0,1,A,C
rs5748015,2,0,0,0,1,A,G
rs4819782,2,0,0,0,1,G,A
rs5748021,0,0,0,0,0,A,T
rs712964,0,2,2,0,0,T,C
rs712960,1,0,0,1,0,C,A
rs807673,1,0,0,0,0,A,G
rs712959,0,2,2,0,0,C,T
rs2298271,0,0,0,0,0,A,C
rs2298270,0,0,0,0,0,A,G
rs2040771,1,0,0,2,2,T,C
rs1804573,0,0,0,0,0,A,C
rs712958,1,2,2,0,0,T,C
rs2073738,0,0,0,0,0,A,C
rs1018764,0,2,2,0,0,T,C
rs762523,0,2,2,0,0,A,G
rs2238760,0,0,0,0,0,A,C
rs1633399,1,0,0,0,0,G,A
rs1061325,0,2,2,1,0,T,C
rs5746682,1,0,0,2,2,T,C
rs723414,1,2,2,0,0,G,A
rs9618506,0,0,0,0,0,A,C
rs9605957,1,2,2,0,0,G,A
rs2239390,0,0,0,0,0,C,A
rs807547,1,0,0,0,0,C,T
rs2073740,1,0,0,1,2,A,C
rs1060376,0,0,0,0,0,A,G
rs712952,1,0,0,0,0,A,G
rs885978,1,2,1,0,0,A,G
rs712950,1,0,0,0,0,C,A
rs5748048,0,0,0,1,0,G,A
rs2073756,0,0,0,0,0,A,G
rs807459,1,0,0,0,0,C,T
rs5748062,0,0,0,0,0,A,T
rs809901,0,2,1,0,0,C,T
rs5746697,0,0,0,0,0,A,T
rs1206542,1,0,0,0,0,G,A
rs1340958,1,2,1,1,0,G,A
rs2518840,1,0,1,1,2,C,A
rs5748099,1,1,0,0,0,C,T
rs2078750,0,1,1,1,0,C,T
rs2283647,0,0,0,0,0,A,G
rs3761407,0,1,0,0,0,A,C
rs3810597,0,1,0,0,0,T,G
rs5746715,1,1,0,1,0,C,T
rs5993581,0,1,1,0,0,A,G
rs2023637,1,1,0,1,2,T,C
rs713885,0,0,0,0,0,A,G
rs11089270,1,0,0,0,0,C,T
rs982520,1,0,1,0,0,T,C
rs1210690,0,0,0,0,0,A,C
rs1210702,1,0,0,0,0,T,C
rs1210708,1,0,0,0,0,T,C
rs885981,0,0,0,0,0,C,A
rs2283650,2,0,1,0,0,T,G
rs2238763,1,0,0,0,0,C,T
rs737810,0,0,1,0,0,A,G
rs2283652,1,0,1,0,0,C,T
rs2285334,0,0,1,0,0,C,T
rs5748167,0,0,0,0,0,A,T
rs2013516,1,0,1,0,0,C,T
rs3747062,0,0,0,0,0,A,G
rs11089273,1,0,0,0,0,G,A
rs9606001,0,0,0,0,0,A,C
rs5993624,0,0,0,0,0,C,A
rs9306217,0,0,0,0,0,A,T
rs1473108,0,0,0,0,0,A,G
rs9618567,1,0,0,0,0,T,C
rs5746736,0,0,0,0,0,A,C
rs2277837,1,0,1,0,0,A,C
rs12168943,1,0,0,0,0,C,T
rs7575,1,0,0,0,0,A,G
rs11744,0,0,1,0,0,G,A
rs885975,2,0,0,0,0,C,T
rs712979,1,0,0,0,0,A,G
rs9606020,0,0,0,0,0,A,C
rs756649,1,0,0,0,0,T,C
rs885976,2,0,0,0,0,G,A
rs11912143,0,0,0,0,0,A,G
rs2073731,2,0,1,1,0,C,T
rs2269722,2,0,1,1,0,G,A
rs8137899,0,2,1,1,0,G,A
rs5746742,2,0,1,1,0,C,T
rs756658,2,0,1,1,0,A,G
rs17811336,0,0,1,0,0,G,A
rs2238772,2,0,1,1,0,T,C
rs5746748,0,0,0,0,0,A,G
rs5748239,2,0,1,1,0,C,T
rs5748243,1,0,0,0,0,T,C
rs9618586,1,0,0,1,0,T,C
rs8140666,0,0,0,1,0,G,T
rs5746758,1,0,1,0,0,G,A
rs13447270,0,0,0,0,0,A,T
rs13447284,1,0,0,0,0,T,C
rs2073760,0,1,1,1,1,T,G
rs13447292,0,0,0,0,0,A,C
rs9606045,0,0,0,0,0,A,G
rs13447297,0,0,0,0,0,A,C
rs2871029,0,0,0,0,0,A,G
rs12167366,0,0,0,0,0,A,T
rs5748260,0,0,1,0,0,T,C
rs7290191,0,1,1,0,0,G,T
rs13056098,0,0,0,0,0,A,T
rs5748267,0,0,0,0,0,C,A
rs5748270,1,1,2,1,0,G,A
rs4819804,0,1,0,1,2,A,G
rs5748277,0,0,0,0,0,C,A
rs9618601,0,0,0,0,0,A,C
rs2106136,1,1,1,0,0,G,A
rs9606068,0,0,0,0,0,A,G
rs5746775,1,1,1,0,0,C,T
rs5746779,2,1,1,1,0,G,A
rs5748302,0,0,0,0,0,A,T
rs13057770,0,0,0,0,0,C,A
rs5992428,0,0,0,0,0,A,T
rs2157727,0,0,0,0,0,A,T
rs5748307,0,0,0,0,0,A,G
rs4819808,1,0,0,1,0,A,G
rs5748311,0,0,1,0,1,T,C
rs5746789,0,0,0,0,0,C,A
rs716989,0,0,0,0,0,A,T
rs17744842,1,1,1,0,1,C,A
rs756656,0,0,0,0,1,A,C
rs5993715,1,0,0,0,1,G,T
rs5993719,0,0,0,1,0,A,G
rs5992435,0,0,0,0,0,A,G
rs885983,1,1,1,1,1,G,A
rs5746795,1,0,1,0,0,G,A
rs5748346,0,0,0,0,1,G,A
rs9606090,1,0,1,0,0,C,A
rs5746800,0,1,0,1,1,A,G
rs9617812,1,1,1,0,1,C,T
rs5992439,1,1,2,1,0,G,A
rs13058085,1,1,0,0,0,A,G
rs5992441,0,0,0,1,0,T,C
rs5992442,0,0,0,1,2,A,G
rs8135473,1,1,0,0,0,T,C
rs4819811,0,0,0,2,2,A,G
rs12158620,0,0,1,0,0,G,A
rs9617814,1,1,1,0,0,G,A
rs10854554,1,1,0,0,0,G,A
rs5993743,0,0,0,1,0,G,A
rs5993749,0,0,1,1,0,G,A
rs7291726,0,0,1,1,0,C,T
rs1476445,1,1,2,1,0,T,C
rs17209532,1,1,0,0,0,A,G
rs13057911,1,1,1,0,0,T,G
rs8135843,0,0,1,0,0,G,A
rs8139020,0,0,0,1,0,C,A
rs7292279,0,1,0,2,2,G,A
rs719078,0,0,0,0,0,A,T
rs5748362,0,1,0,0,1,T,C
rs13055204,0,0,2,0,0,A,C
rs2871038,0,1,1,0,0,A,G
rs2871039,0,0,0,2,1,T,C
rs5993760,2,1,1,0,1,T,C
rs9606100,0,1,1,0,0,A,G
rs5748371,0,1,1,0,0,A,G
rs5993761,2,1,1,0,1,T,C
rs5748376,0,1,1,0,0,A,G
rs5748377,0,0,1,0,0,A,G
rs4819826,0,0,1,0,0,T,C
rs1985884,0,1,1,0,1,G,A
rs16984538,0,1,1,0,1,G,A
rs7291584,0,1,0,0,1,A,G
rs9606112,0,1,0,0,0,G,A
rs9808864,0,1,0,0,1,C,T
rs9617823,0,1,0,0,0,A,G
rs9606127,0,0,0,0,1,G,T
rs1541326,0,1,0,0,1,A,G
rs9618653,0,0,0,0,1,G,A
rs5748391,0,0,1,2,1,A,G
rs9605002,0,0,0,0,0,A,G
rs9605004,0,0,0,0,1,G,A
rs5993790,0,0,0,0,0,A,G
rs5748396,1,0,1,2,0,C,T
rs16984071,0,0,0,0,1,C,T
rs1123657,1,1,1,0,1,T,G
rs1123656,1,0,1,2,0,A,G
rs11914033,0,0,0,0,1,T,C
rs1557627,1,1,1,0,1,C,T
rs7285884,0,0,0,1,1,A,G
rs5992460,0,0,0,1,1,C,T
rs1015939,1,2,1,0,1,T,C
rs1018851,0,1,0,0,0,T,C
rs5992462,0,0,0,1,1,G,A
rs9606139,0,0,0,0,0,A,G
rs5748403,1,1,0,0,1,A,G
rs13054827,0,0,0,1,1,A,C
rs5993810,1,0,0,0,1,C,T
rs2097599,1,2,1,0,0,G,A
rs13055644,0,0,0,1,0,C,T
rs4819833,1,0,1,0,2,T,C
rs8142156,0,0,0,0,0,A,C
rs9618670,0,0,0,0,0,A,C
rs9606146,1,0,1,1,0,C,A
rs12166229,0,0,0,0,0,A,G
rs12165395,0,0,0,0,0,A,T
i5000550,0,0,0,0,0,A,G
i5000549,0,0,0,0,0,A,G
i5000551,0,0,0,0,0,A,G
rs4819835,1,0,0,1,1,A,G
rs4819836,0,2,0,0,0,G,A
rs2157733,0,1,0,0,0,A,G
rs5748410,1,1,1,1,0,G,A
rs2871041,1,0,1,1,0,T,C
rs12483887,0,0,0,1,1,T,C
rs4819840,1,0,1,1,1,A,G
rs4819841,0,0,1,0,1,A,G
rs5993817,1,0,0,1,0,A,G
rs9618678,1,2,1,0,0,G,A
rs739377,0,0,0,1,0,C,T
rs2157731,2,0,1,1,1,C,A
rs2157732,2,0,0,1,1,G,A
rs5748415,0,0,1,1,1,T,C
rs885988,0,2,1,0,0,G,A
rs7293017,0,0,0,0,1,A,G
rs747226,1,1,1,1,0,T,C
rs7291533,1,0,1,1,1,C,T
rs5993820,1,0,1,1,0,T,C
rs1005133,0,1,0,0,1,T,C
rs4819520,1,0,1,1,1,T,G
rs28939675,0,0,0,0,0,A,T
rs2301558,0,1,0,1,0,T,C
rs2238777,1,2,0,1,1,G,A
rs2238778,1,0,2,1,1,T,G
rs737869,1,0,2,1,1,G,C
rs12165908,0,1,0,0,1,C,G
rs4819522,0,0,0,1,0,T,C
rs5746826,0,2,0,1,1,T,G
rs5746832,0,2,0,1,1,A,G
rs13433560,0,0,0,0,0,A,T
rs5748425,0,1,0,0,0,A,G
rs5748427,0,1,0,1,1,G,A
rs9618690,0,0,0,0,0,A,C
rs5746834,0,0,0,0,0,A,G
rs2269725,0,0,0,1,1,A,G
rs2269726,0,1,0,1,1,C,T
rs2904561,0,1,0,0,0,A,G
rs748806,0,0,0,1,1,T,C
rs5993834,0,0,1,0,0,T,C
rs9618698,0,0,0,0,0,A,G
rs5992486,0,0,0,0,0,C,A
rs2073765,0,1,0,0,0,C,T
rs5748445,0,1,0,0,0,T,C
rs5746837,0,1,0,0,0,A,G
rs5748449,0,1,0,0,0,T,C
rs7285519,0,1,0,1,1,A,G
rs7287254,1,1,1,1,1,C,A
rs12167717,0,0,0,1,1,A,G
rs10427796,0,0,0,0,0,A,C
rs11089314,1,0,1,0,0,A,G
rs16984263,0,0,0,0,0,A,G
rs1053001,1,1,1,0,0,A,G
rs1052978,1,1,1,0,0,G,A
rs11705143,0,0,0,0,0,A,C
rs3196628,0,1,0,0,0,G,T
rs3747066,1,0,1,1,1,T,C
rs17745302,0,1,0,0,0,T,C
rs11704009,0,1,0,0,0,G,A
rs11704083,1,1,1,1,1,G,A
rs13057784,0,1,0,0,0,A,C
rs11913285,1,0,1,0,0,G,A
rs13053155,0,0,0,0,0,A,G
rs8139091,1,1,1,0,0,C,G
rs12106549,0,1,0,0,0,T,G
rs6518585,0,1,0,0,0,T,C
rs9754418,0,1,0,0,0,G,A
rs17745314,0,0,0,0,0,A,G
rs737854,0,1,0,1,0,A,G
rs737853,1,1,1,1,0,G,A
rs1044732,0,1,0,0,0,C,T
rs7288061,0,1,0,0,0,T,C
rs13054371,1,1,1,1,0,C,T
rs8141610,0,1,0,0,0,T,C
rs2239893,1,0,1,1,0,T,C
rs3788305,1,1,1,1,0,G,A
rs3788306,1,0,1,1,0,C,T
rs2073750,0,1,0,1,0,T,C
rs1015471,2,0,1,1,0,A,G
rs3804047,2,0,1,1,0,G,A
rs5993853,0,1,0,0,2,T,C
rs3788310,1,0,0,0,0,A,G
rs5992493,0,1,0,0,0,G,A
rs5992495,0,1,0,0,0,G,T
rs732262,1,0,0,0,0,T,C
rs3788314,0,1,1,1,2,G,A
rs3788317,1,1,0,0,0,T,G
rs9606174,1,0,0,0,0,G,A
rs7410379,1,0,1,2,0,A,G
rs1005873,1,0,0,0,0,G,A
rs4597638,0,0,0,0,0,A,T
rs4819850,0,1,1,0,2,A,G
rs756661,0,1,1,0,2,G,A
rs11541479,0,1,0,0,0,A,G
rs5748469,1,0,1,2,0,A,C
rs5748470,1,1,1,0,2,G,A
rs7286612,0,0,0,0,0,A,T
rs17745433,0,1,0,0,0,C,T
rs1978058,1,2,1,0,0,T,C
rs8141691,1,1,1,0,2,G,A
rs1012157,0,0,0,0,2,A,G
rs9306229,0,0,0,0,2,T,C
rs17210001,0,0,0,1,0,C,T
rs5993875,1,0,2,1,0,G,A
rs9617850,0,0,1,0,0,A,G
rs9606186,1,0,2,1,0,G,C
rs5746846,0,0,2,1,0,G,C
rs9618716,0,0,0,0,0,A,T
rs9605030,0,0,1,0,0,T,C
rs9605031,0,0,1,0,0,T,C
rs8140265,0,0,1,0,0,A,G
rs5748485,1,0,2,1,0,G,A
rs6518591,0,0,1,0,0,G,A
rs11705619,0,0,1,0,0,C,T
rs9332310,0,0,0,0,0,A,T
rs9332312,0,0,0,0,0,A,C
rs9332313,0,0,0,0,0,A,G
rs9332314,0,0,0,0,0,A,C
rs1800706,0,0,1,0,0,A,G
rs9332315,0,0,0,0,0,A,T
rs1800749,0,0,0,0,0,A,G
rs2020917,0,0,1,0,0,T,C
rs13306278,0,0,0,0,0,A,C
rs4646311,0,0,0,0,0,A,C
rs737866,0,0,1,0,0,C,T
rs737865,0,0,1,0,0,G,A
rs737864,0,0,1,0,0,T,C
rs9332316,0,0,0,0,0,A,C
rs9332317,0,0,0,0,0,A,T
rs933271,1,0,1,1,0,C,T
rs1544325,1,0,2,1,0,G,A
rs9332319,0,0,0,0,0,A,C
rs174674,1,0,1,1,0,A,G
rs174675,1,0,1,1,0,T,C
rs9332333,0,0,0,0,0,A,G
rs5993882,1,0,1,0,0,G,T
rs5993883,1,0,2,0,0,G,T
rs739368,0,0,0,0,0,A,G
rs7290221,1,0,2,0,0,G,C
rs9332349,0,0,0,0,0,A,G
rs9332351,0,0,0,0,0,C,A
rs9332355,0,0,0,0,0,A,G
rs9332357,0,0,0,0,0,A,G
rs4646312,0,0,0,0,1,C,T
rs35919169,0,0,0,0,0,A,G
rs5748492,0,0,0,0,0,A,G
rs34686565,0,0,0,0,0,C,A
rs165656,1,0,0,1,1,G,C
rs9332360,0,0,0,0,0,A,C
rs165722,1,0,0,1,1,C,T
rs9332362,1,0,0,0,0,A,G
rs6269,0,0,0,0,1,G,A
rs6270,0,0,0,0,0,A,G
rs4633,1,0,0,1,1,C,T
rs6267,0,0,0,0,0,A,G
rs740602,0,0,0,0,0,A,G
rs13306281,0,0,0,0,0,A,G
rs3218737,0,0,0,0,0,A,C
rs2239393,0,0,0,0,1,G,A
rs740601,0,0,0,0,1,G,T
rs61910731,0,0,0,0,0,A,G
rs5031015,0,0,0,0,0,A,G
rs769223,0,0,0,0,0,A,G
rs4986871,0,0,0,0,0,A,C
rs8192488,0,0,0,0,0,A,C
rs4680,1,1,0,1,1,G,A
rs13306279,0,0,0,0,0,A,C
rs769224,1,0,0,1,0,A,G
rs165631,0,0,0,0,0,A,C
rs4646316,1,0,0,1,1,T,C
rs165774,2,0,0,2,1,G,A
rs9332367,0,0,0,0,0,A,G
rs174696,1,0,0,1,0,C,T
rs174699,0,0,0,1,0,C,T
rs9306235,0,0,0,0,0,A,G
rs9332377,0,0,0,0,0,A,C
rs362204,0,0,0,0,0,C,A
rs9332380,0,0,0,0,0,A,G
rs14968,0,0,0,0,0,A,C
rs11544667,0,0,0,0,0,A,T
rs165599,2,0,0,2,1,G,A
rs165728,0,0,0,1,0,C,T
rs9265,0,2,0,0,0,A,C
rs165849,2,0,0,2,1,G,A
rs7288060,0,0,0,0,0,A,T
rs165824,1,0,0,2,1,G,A
rs165815,0,2,2,0,1,T,C
rs5993891,1,0,0,0,0,T,C
rs2518823,1,0,0,2,1,T,C
rs758373,1,0,0,0,0,A,G
rs2240713,1,0,0,0,0,T,C
rs887199,0,2,2,0,1,G,A
rs2239395,1,0,0,0,0,G,T
rs2518824,2,0,0,2,0,G,T
rs887200,2,0,0,2,0,C,T
rs16982871,0,0,0,0,0,A,C
rs12158201,2,0,0,1,0,T,C
rs887204,2,0,0,2,0,G,A
rs1058399,0,0,0,0,0,A,G
rs12628032,1,0,1,1,0,T,C
rs2073748,2,0,1,1,0,A,G
rs2073747,0,0,0,1,0,A,G
rs2240717,2,0,1,1,0,G,A
rs2240716,1,0,1,1,0,T,C
rs1990277,2,0,1,2,0,G,A
rs917478,0,0,1,1,2,T,C
rs917479,2,0,1,1,0,G,T
rs2238786,0,0,1,0,0,G,A
rs756653,0,0,1,0,0,A,G
rs2012714,1,0,1,0,0,T,C
rs2073746,0,0,0,1,0,T,C
rs2238788,0,2,1,0,2,T,C
rs2238790,0,0,1,1,0,G,A
rs2238791,1,0,1,1,0,C,A
rs17817568,0,0,0,0,0,A,C
rs11089325,0,0,0,0,0,A,C
rs1034565,0,0,1,0,0,T,C
rs2073745,0,0,1,1,0,G,A
rs7285377,0,0,1,0,0,T,G
rs4819852,0,0,1,0,0,A,G
rs2073742,1,0,0,0,0,G,A
rs2073741,1,0,0,0,0,T,C
rs9617857,0,0,0,0,0,A,G
rs9618725,0,0,0,0,0,A,T
rs17817586,1,0,0,1,0,G,T
rs877118,1,0,1,2,0,C,T
rs1989843,1,0,1,2,0,G,A
rs2531697,0,0,0,1,0,T,C
rs4819853,1,0,1,1,0,G,A
rs2531716,1,0,0,1,0,C,T
rs3788322,1,0,1,2,0,C,T
rs5746851,1,0,1,2,0,C,T
rs5993897,0,0,0,0,0,A,G
rs737985,1,0,1,0,0,T,C
rs2518827,0,0,0,2,0,A,G
rs2518829,0,0,0,2,0,A,G
rs2531706,1,0,1,2,0,T,C
rs5748505,1,0,1,2,0,C,T
rs9606212,0,0,0,0,0,A,C
rs2531708,1,0,1,0,0,C,T
rs2078749,1,0,1,0,0,G,A
rs2008591,1,0,1,2,0,C,T
rs6518598,1,0,1,2,0,G,T
rs11703292,1,0,0,0,1,T,C
rs374225,0,2,2,0,1,T,C
rs397701,0,2,2,0,1,T,C
rs405342,1,0,0,2,1,A,G
rs3804046,0,0,0,0,1,T,C
rs16982925,0,0,0,0,0,C,A
rs174876,0,1,1,0,1,T,C
rs440042,2,0,0,2,1,G,A
rs399162,0,1,1,0,1,G,A
rs16982614,0,0,0,0,0,A,T
rs3804045,0,0,0,0,1,A,C
rs17818431,1,0,0,0,0,A,G
rs3804043,1,0,0,2,0,A,C
rs442277,0,2,2,0,1,G,A
rs367450,2,0,0,2,1,T,C
rs1054215,0,0,0,0,1,T,C
rs7285397,2,0,0,0,1,G,A
rs5992507,0,0,0,2,0,G,A
rs446059,1,0,0,0,0,A,G
rs1558496,2,0,0,0,1,C,T
rs2073778,0,0,0,2,0,T,C
rs9606241,2,0,0,0,2,G,A
rs2286925,0,0,0,0,1,A,G
rs2286926,0,0,0,0,1,T,C
rs4476436,2,0,0,0,2,C,T
rs9606248,1,0,0,0,0,G,A
rs443678,0,0,0,0,0,A,C
rs8139591,1,0,0,0,0,G,A
rs1640299,0,1,1,2,0,T,G
rs2286928,1,0,0,0,1,A,G
rs417309,0,1,1,0,0,A,G
rs720012,0,0,0,2,0,A,G
rs3757,0,1,1,0,1,A,G
rs1633445,0,1,1,0,1,C,T
rs885980,0,2,2,0,0,T,C
rs2238798,0,0,0,2,0,A,G
rs11705021,0,0,0,0,0,A,G
rs175169,0,2,2,0,0,T,G
rs5993920,0,0,0,0,0,A,G
rs175174,0,2,2,0,0,A,G
rs8137258,2,0,0,0,1,C,T
rs649737,0,1,1,0,0,T,G
rs175185,1,1,1,0,1,G,A
rs17817803,0,0,0,2,1,T,C
rs9605074,0,1,1,0,0,A,G
rs588536,0,0,0,0,0,A,G
rs373747,0,1,1,0,0,C,T
rs28384,1,0,0,0,1,T,C
rs455127,0,0,0,0,0,A,C
rs1153418,1,1,1,0,0,C,T
rs175194,1,0,0,2,2,G,A
rs385773,1,1,1,1,1,G,A
rs175197,0,0,0,0,0,A,C
rs175199,1,1,1,0,0,T,G
rs658073,0,1,0,1,1,C,A
rs10212087,0,1,0,0,1,T,C
rs617427,1,0,1,1,1,T,C
rs75766,1,2,0,1,1,C,A
rs701446,0,0,1,0,0,C,T
rs696885,0,1,1,1,0,T,G
rs696884,0,1,2,1,0,G,A
rs613930,0,1,0,0,1,A,C
rs625704,0,1,0,0,1,A,G
rs655656,0,1,0,0,1,T,C
rs672570,0,2,0,0,1,T,C
rs673062,0,2,0,0,1,A,G
rs627235,0,1,0,0,0,T,C
rs17746115,1,0,0,1,0,A,C
rs589089,0,0,0,1,0,G,A
rs730669,1,0,0,1,1,T,C
rs1000539,0,1,1,0,1,A,G
rs5993934,1,1,0,1,1,A,G
rs17818857,0,0,1,0,0,C,T
rs1640426,0,0,0,0,1,C,T
rs5748554,0,0,0,0,0,A,T
rs1640350,0,0,0,0,1,C,T
rs4389405,0,0,0,0,0,A,G
rs9605090,0,0,0,0,1,A,G
rs8141593,0,0,0,1,1,C,T
rs5748561,0,0,0,1,1,G,T
rs9606290,0,2,2,0,0,A,G
rs5993935,2,0,0,2,1,T,C
rs855072,2,0,0,1,0,A,C
rs759577,0,0,0,0,1,G,A
rs701431,0,2,0,0,0,T,C
rs701428,2,1,1,0,0,A,G
i5006558,0,0,0,0,0,A,C
rs701427,2,0,1,0,0,A,C
rs854971,2,0,1,0,0,T,C
rs887765,0,1,1,1,1,T,C
rs1567871,0,1,0,0,1,T,C
rs9606296,1,0,0,0,0,T,C
rs855050,1,0,1,1,0,G,A
rs854961,1,0,0,0,1,G,A
rs5748573,0,0,1,1,0,A,G
rs12628408,0,0,1,0,1,A,G
rs12169202,0,0,0,0,1,T,C
rs5993954,0,0,1,0,1,T,C
rs5993955,0,0,1,0,1,T,C
rs741413,0,0,2,0,1,G,T
rs2904577,0,1,2,1,1,G,A
rs4425183,2,1,0,0,1,T,G
rs2280117,2,1,0,1,1,T,C
rs1210829,0,0,0,0,0,A,C
rs9606323,0,0,0,0,0,A,G
rs6518604,0,0,0,0,0,C,A
rs12169145,0,0,0,0,0,A,C
rs6003971,0,1,1,0,0,G,T
rs361764,1,0,1,1,1,A,G
rs9609699,1,0,0,0,1,A,G
rs13055191,0,0,0,0,0,A,G
rs7285976,0,0,0,0,0,A,T
rs361689,0,1,2,1,0,C,A
rs2041969,0,0,1,1,0,C,A
rs362125,1,1,0,1,1,G,A
rs887021,0,1,2,1,0,G,T
rs2266945,0,0,0,0,0,A,G
rs361877,1,1,0,1,1,G,A
rs361591,1,1,0,1,1,T,C
rs361640,1,1,0,1,1,A,G
rs2283787,0,0,0,0,0,A,G
rs3747076,0,0,0,0,0,A,G
rs2228236,0,1,1,0,0,A,G
rs4020,1,1,0,1,1,C,A
rs887023,1,1,0,1,1,C,T
rs1013634,0,0,0,0,0,A,G
rs5761913,0,0,0,0,0,A,C
rs361603,0,0,0,0,0,A,C
rs738089,0,0,1,1,1,G,A
rs6005680,0,1,0,1,1,G,A
rs6005740,1,0,2,1,1,G,A
rs738085,0,0,1,1,0,A,G
rs738084,0,0,0,0,0,A,G
rs1076486,0,0,0,0,0,A,C
rs5997411,0,1,0,1,1,A,C
rs882745,0,1,0,0,0,T,C
rs1005640,1,1,0,0,0,C,T
rs1035239,0,1,0,0,1,C,T
rs5763655,0,1,0,0,2,G,T
rs1153427,1,1,0,0,2,T,C
rs9997,0,1,0,0,1,C,T
rs8748,0,0,0,0,1,G,A
rs5997972,0,0,0,0,0,A,C
rs361988,0,1,0,0,1,C,T
rs361573,0,1,0,0,1,G,T
rs165809,0,0,0,0,0,A,C
rs165807,0,1,0,0,1,A,G
rs9623544,0,1,0,0,1,G,A
rs1771144,0,0,0,0,0,A,C
rs9623849,0,0,0,0,0,A,G
rs2079099,0,1,0,0,1,G,A
rs1860127,0,0,0,0,0,A,C
rs4820216,0,0,0,0,0,A,C
rs738092,1,0,0,0,1,T,C
rs11704564,0,1,0,0,0,C,A
rs997145,0,0,0,0,1,T,C
rs2014654,0,0,0,0,0,A,T
rs7291930,0,1,0,0,1,G,A
rs1110462,0,0,0,0,0,A,T
rs11090206,0,0,0,0,0,A,C
rs5995708,0,1,0,0,0,G,A
rs2269830,1,1,1,0,1,C,A
rs4821915,0,0,0,0,0,A,G
rs7292126,1,1,1,0,1,G,A
rs4821963,1,0,1,0,1,T,C
rs886319,1,0,1,0,1,C,T
rs7290040,0,0,0,0,0,A,G
rs5758468,0,0,0,0,1,C,A
rs177421,1,1,1,0,1,A,G
rs165674,1,0,1,0,1,T,C
rs5759455,0,0,0,0,1,A,G
rs165747,1,1,0,0,2,T,C
rs165600,1,0,1,1,1,G,A
rs165591,1,0,1,1,1,T,G
rs361646,1,0,1,1,1,G,A
rs4822328,0,1,0,1,0,C,T
rs362089,1,0,0,0,0,G,A
rs165626,1,2,0,0,0,A,G
rs552823,1,1,1,0,2,T,C
rs561595,1,1,0,0,1,G,A
rs13433634,0,0,0,0,0,A,T
rs1557798,0,1,0,1,0,A,G
rs680548,0,0,2,2,1,T,C
rs1108099,1,1,0,0,0,G,A
rs1108101,1,1,0,0,0,A,G
rs473304,1,1,0,0,0,A,G
rs11090296,0,0,1,0,1,T,C
rs853131,0,0,0,1,1,T,C
rs482165,0,0,0,1,1,G,A
rs654526,0,0,0,1,1,C,T
rs687192,0,0,1,0,1,T,C
rs17818796,0,0,1,0,1,G,A
rs8135803,0,0,1,0,1,T,C
rs5759632,0,0,1,1,2,T,C
rs578356,0,0,0,0,0,A,T
rs16988632,1,0,1,0,0,T,C
rs7364324,0,0,0,0,0,A,G
rs5759659,1,1,1,0,1,T,C
rs661440,1,1,1,0,1,C,T
rs17757910,0,1,0,0,0,T,C
rs2080195,1,0,1,0,0,G,A
rs759224,1,1,0,0,0,A,G
rs741193,1,0,1,0,1,A,G
rs2016016,1,0,1,0,0,A,G
rs9612548,0,0,0,0,0,A,G
rs2539918,0,0,0,0,0,A,C
rs658793,1,0,0,0,1,T,C
rs673017,0,1,0,0,0,C,T
rs526119,1,0,0,0,1,G,A
rs7290923,1,0,0,0,1,C,T
rs5996524,0,0,0,0,0,A,C
rs612325,1,0,0,0,1,T,C
rs624100,1,0,0,0,2,T,G
rs4822389,0,0,1,0,0,C,T
rs7285501,1,1,1,0,2,G,A
rs5759767,0,0,0,0,0,C,A
rs17211605,0,0,0,0,0,C,A
rs1339959,0,0,1,0,0,G,A
rs13055518,1,1,1,0,1,A,C
rs9612562,0,0,0,0,1,A,C
rs651851,1,1,0,0,0,C,A
rs653137,1,1,1,0,1,C,A
rs9612573,0,0,0,0,1,A,C
rs5759849,0,0,1,0,0,A,G
rs5751684,0,0,1,0,0,G,A
rs2110412,1,1,0,0,1,C,T
rs474117,0,0,0,0,0,A,T
rs674478,0,0,0,0,0,C,A
rs520698,1,1,0,0,1,A,G
rs12168863,0,0,0,0,0,A,T
rs598141,1,1,0,0,2,G,A
rs565979,1,1,0,0,1,T,C
rs13055308,0,1,0,0,0,A,G
rs1058552,0,0,0,0,0,A,C
rs8136747,0,0,0,0,0,A,G
rs2276011,0,0,0,0,0,A,C
rs5751800,1,1,0,0,2,C,A
rs4820579,1,1,0,0,2,T,C
rs11705170,1,1,1,1,0,T,G
rs1558657,0,0,1,1,0,C,T
rs2072513,1,1,0,0,2,C,T
rs16988764,0,0,0,0,0,A,T
rs5751852,0,0,0,0,0,A,G
rs6004148,0,0,0,0,0,A,C
rs2072517,1,1,0,0,1,C,T
rs9608386,1,1,0,0,1,T,C
rs165730,1,1,0,0,1,A,G
rs178029,1,1,0,0,2,A,G
rs5905,0,0,0,0,0,A,G
rs5906,0,0,0,0,0,A,C
rs5907,0,0,0,0,0,A,G
rs165862,1,1,0,0,1,G,T
rs1008257,0,0,0,0,0,A,C
rs110374,1,1,0,0,1,T,C
i5006046,0,0,0,0,0,A,C
rs78656,0,0,0,0,0,A,C
rs178040,0,0,0,0,0,A,C
rs9620548,0,0,0,0,0,A,C
rs17820181,1,1,1,1,0,A,G
rs165793,0,0,1,1,0,A,G
rs165924,1,1,0,0,2,C,T
rs17819211,0,0,0,0,0,A,T
rs165634,1,1,0,0,2,G,A
rs178051,0,0,0,0,0,A,T
rs17758477,0,1,0,0,0,T,C
rs178058,0,1,0,0,1,C,T
rs4822606,1,0,0,0,0,G,A
rs165596,1,1,0,0,2,G,A
rs178070,1,1,0,0,1,G,A
rs165623,0,0,1,1,0,G,A
rs10483104,0,0,0,0,0,A,C
rs165861,1,1,0,0,1,C,T
rs11577,1,1,0,0,2,G,T
rs12159769,0,0,0,0,0,A,G
rs12162703,0,0,0,0,0,C,A
rs178084,1,1,0,0,2,T,C
rs13433547,0,0,0,0,0,C,A
rs5761353,0,0,0,0,0,A,G
rs6004917,0,1,0,0,1,G,A
rs3819652,0,0,0,0,0,C,A
rs13057428,0,1,0,0,2,A,C
rs5752284,0,1,0,0,1,C,T
rs4822700,0,1,0,0,1,T,C
rs2266953,0,1,0,0,2,C,T
rs737894,0,1,0,0,1,A,G
rs9613388,0,0,0,0,0,A,G
rs1043235,0,1,0,0,2,A,G
rs1043242,0,1,0,0,2,A,G
rs2285547,0,1,0,0,1,C,T
rs178252,0,1,0,0,1,G,A
rs2018682,1,0,1,0,2,T,C
rs5761551,2,0,1,0,2,G,A
rs8137060,0,0,0,0,0,A,G
rs756875,0,0,1,0,2,A,G
rs2239959,0,0,0,0,0,A,G
rs178255,1,0,0,0,0,T,C
rs178260,0,1,0,0,0,T,G
rs178264,0,1,0,0,0,T,C
rs733455,1,1,0,0,0,A,G
rs178268,1,0,1,0,0,T,C
rs178271,0,0,0,0,1,T,C
rs178272,1,0,1,0,1,G,A
rs178277,1,0,1,0,1,G,A
rs178278,1,0,1,0,1,C,A
rs7292968,0,0,0,0,1,T,C
rs389183,0,0,0,0,0,A,T
rs367851,0,0,0,0,0,A,G
rs13054014,0,0,0,0,0,A,G
rs7289487,1,0,1,0,0,T,G
rs178282,1,0,1,0,0,T,C
rs178285,1,0,1,0,0,C,T
rs2269779,0,0,0,0,0,A,C
rs2073989,1,0,1,0,1,T,C
rs112544,1,0,0,0,0,T,C
rs756876,1,0,1,2,0,A,C
rs178295,0,1,1,2,0,C,T
rs3747081,0,1,0,0,1,A,G
rs178296,0,1,1,2,0,C,T
rs178297,1,1,0,0,1,G,A
rs3747084,0,0,0,0,0,A,G
rs426938,0,1,1,0,2,G,C
rs396130,1,0,0,0,0,C,T
rs430305,0,1,1,2,0,C,T
rs398577,1,0,0,0,0,A,C
rs2075274,1,0,1,0,1,A,G
rs2239961,0,1,0,0,1,A,G
rs395938,0,1,1,2,0,T,C
rs399647,2,0,1,0,1,G,A
rs389624,0,0,0,0,0,A,G
rs1003968,2,0,1,0,1,T,C
rs12157523,0,0,0,0,0,A,G
rs9625334,2,0,1,0,1,A,C
rs2541943,0,0,0,0,0,A,C
rs1548411,0,0,2,0,2,C,A
rs1548412,0,0,0,0,0,A,C
rs2277838,0,0,0,0,0,A,G
rs1477145,0,0,0,0,0,A,G
rs2541953,0,1,2,0,1,T,C
rs2075277,0,0,0,0,0,A,T
rs2075278,0,0,0,0,0,A,T
rs2270384,0,0,0,0,0,A,C
rs2072549,0,1,0,0,0,A,G
rs2072550,0,0,0,0,0,A,G
rs5752500,0,0,0,0,0,A,C
rs12627919,0,0,0,0,0,A,C
rs6005346,1,1,0,2,1,T,G
rs2002814,1,1,0,0,0,C,T
rs373069,0,0,0,0,0,A,T
rs9625422,1,0,0,0,0,G,A
rs5762105,0,0,0,0,0,A,C
rs2241223,0,0,0,0,0,A,G
rs442656,1,0,0,0,0,T,C
rs1210575,0,0,1,1,0,A,G
rs429738,0,1,2,1,0,A,C
rs2075270,0,0,0,1,0,T,C
rs2075271,0,1,0,0,0,T,C
rs2075272,0,1,0,0,0,T,C
rs383331,0,1,0,0,0,A,G
rs9620784,2,0,0,0,2,A,G
rs9620785,0,0,0,0,0,C,A
rs6005506,0,0,0,0,0,C,A
rs7288142,0,0,0,0,0,C,A
rs408718,2,1,0,0,2,T,C
rs727497,2,0,0,1,2,T,C
rs6519749,0,0,0,0,0,A,G
rs428702,0,1,0,0,0,A,G
rs400946,0,0,2,1,0,T,C
rs439792,0,0,2,1,0,C,A
rs1210585,0,2,2,1,0,G,A
rs421390,0,1,0,0,0,A,C
rs382407,0,1,0,0,0,T,C
rs17759002,2,0,0,0,2,C,A
rs933582,0,1,2,2,0,T,C
rs12628319,0,0,0,0,0,A,G
rs11913109,2,0,0,0,2,A,C
rs431319,2,1,0,0,2,G,A
rs9608693,2,0,0,0,2,G,T
rs6005625,2,0,0,0,2,C,T
rs1210601,0,1,0,0,0,T,C
rs391649,0,1,0,0,0,A,C
rs1210606,0,1,2,2,0,T,C
rs7284069,0,0,0,0,0,A,G
rs140386,0,0,0,0,0,A,T
rs10483105,0,0,0,0,0,A,C
rs2541925,1,0,0,0,2,T,C
rs4822940,0,0,0,0,0,A,T
rs2519458,1,1,2,1,0,G,A
rs2519459,1,1,2,1,0,T,G
rs2543397,1,1,0,1,2,G,A
rs140390,0,0,0,0,0,A,G
rs2543398,1,1,2,1,0,T,G
rs1014626,0,0,0,0,0,A,T
rs140391,1,1,0,1,2,G,A
rs2845421,0,0,0,0,1,A,G
rs2019503,0,0,0,0,0,A,G
rs8135862,0,0,0,0,0,A,C
rs465500,0,1,0,1,1,A,G
rs464694,0,1,0,1,1,C,A
rs460106,0,1,0,1,1,T,C
rs463426,0,1,0,1,1,T,C
rs5997982,0,0,0,1,1,T,C
rs8139142,0,1,1,0,0,C,T
rs131654,2,0,0,0,1,G,T
rs140498,0,2,1,0,0,A,G
rs181360,0,2,1,0,0,G,T
rs5754217,0,2,1,0,0,T,G
rs1034329,0,2,1,0,0,C,T
rs5998619,0,2,1,0,0,A,G
rs16978728,0,0,0,0,0,C,A
rs4821112,0,2,1,0,0,A,G
rs4821116,0,2,1,0,0,T,C
rs7444,0,2,1,0,0,C,T
rs13392,0,0,0,0,0,A,C
rs4821130,0,2,1,0,0,T,C
rs878825,0,2,1,0,0,C,T
rs2298428,0,2,1,0,0,T,C
rs34592211,1,0,0,0,0,T,G
rs861855,0,0,1,0,0,G,T
rs861854,0,0,1,0,0,T,C
rs371513,0,0,0,2,0,A,G
rs12170285,0,0,0,0,0,A,C
rs11705259,0,0,0,0,0,A,G
rs861852,0,0,0,0,0,A,T
rs2303399,0,0,0,0,0,A,T
rs13054355,0,0,0,0,0,A,G
rs5998835,0,0,0,0,0,A,T
rs447001,1,1,0,1,0,T,C
rs384262,1,1,1,1,0,A,G
rs9941935,1,1,1,1,0,A,G
rs2247115,0,0,1,0,0,T,C
rs108816,1,1,1,1,0,T,C
rs1669125,0,0,1,0,0,T,C
rs3788329,1,1,1,1,0,G,T
rs416661,0,0,0,0,0,A,C
rs2599423,1,1,0,1,0,C,T
rs881091,0,0,1,0,0,T,C
rs861833,0,0,1,0,0,T,C
rs396913,1,1,0,1,0,C,A
rs861829,0,0,1,0,0,T,C
rs861826,1,1,0,1,0,C,T
rs12170039,1,1,1,1,0,G,A
rs5999098,1,1,0,1,0,T,C
rs861818,0,0,1,0,0,T,G
rs3747094,1,1,1,1,0,A,G
rs710172,1,1,1,1,0,G,A
rs1860,1,1,1,1,0,G,A
rs5754727,1,1,0,1,0,A,G
rs762349,0,0,0,0,0,A,T
rs5749696,1,1,0,1,1,C,T
rs8139619,0,1,1,0,1,T,C
rs7349039,2,1,0,1,1,T,C
rs7285365,0,1,1,0,1,T,C
rs16997333,0,1,1,1,1,C,T
rs8135758,0,0,1,0,0,A,G
rs9607210,1,0,0,0,0,A,G
rs4821217,0,0,0,1,0,T,C
rs743407,0,1,0,0,2,A,G
rs5999264,1,0,1,1,0,T,C
rs9610216,1,1,1,0,0,G,A
rs5749779,1,0,0,1,0,A,C
rs9607241,0,1,2,0,0,C,A
rs2876980,0,0,1,0,0,C,T
rs9610271,0,1,2,0,0,C,T
rs2276006,1,0,0,1,0,T,G
rs9340,0,1,2,0,0,A,G
rs3810610,1,1,0,0,2,T,C
rs13515,1,0,1,1,0,T,C
rs2298432,1,1,0,0,1,A,C
rs5755099,1,1,0,0,2,A,C
rs2006893,1,1,0,0,2,G,A
rs743409,1,0,0,0,2,A,G
rs2283792,1,1,0,0,2,T,G
rs9607272,0,1,1,0,0,G,T
rs5999521,1,1,0,0,2,A,G
rs7290469,0,1,2,0,0,A,G
rs8136902,0,0,0,0,0,A,C
rs17821572,0,0,0,0,0,A,T
rs9610375,0,1,2,1,0,T,G
rs17759796,0,0,1,0,0,A,C
rs8141815,0,0,0,0,0,A,G
rs12172554,0,0,0,0,0,A,C
rs9610417,0,1,1,0,0,T,C
rs8136867,1,1,0,0,2,G,A
rs9610536,1,0,0,1,0,A,G
rs171276,0,0,0,0,0,A,G
rs6000043,0,1,2,0,0,T,C
rs8143081,0,1,1,0,0,G,A
rs240054,1,1,1,1,0,A,G
rs240055,1,1,1,1,0,A,G
rs6000090,0,0,0,0,0,A,C
rs240059,0,0,0,0,0,A,G
rs9610608,0,1,1,1,0,G,A
rs17759843,0,0,0,0,0,A,G
rs6000156,0,0,0,0,0,A,G
rs915726,0,1,1,0,0,A,G
rs2099792,0,1,1,0,0,A,G
rs3788333,0,1,1,1,0,G,A
rs9610645,0,1,1,1,0,A,G
rs240068,1,0,0,0,2,T,C
rs240067,1,1,1,1,0,T,C
rs240066,1,0,0,0,2,C,A
rs240065,0,0,0,0,0,A,C
rs1005579,1,0,0,0,2,T,C
rs9610690,0,1,1,1,0,A,G
rs875344,0,0,1,0,0,T,C
rs412050,0,0,0,0,0,A,G
rs239917,1,0,0,0,2,T,C
rs2283797,0,2,2,1,0,T,C
rs239915,0,0,0,0,0,A,G
rs9610728,0,1,1,1,0,T,C
rs9610729,0,1,1,1,0,A,G
rs9610730,0,0,0,0,0,A,T
rs743525,0,1,1,1,0,G,T
rs2266977,0,1,1,0,0,C,T
rs2266978,0,1,1,1,0,C,T
rs6000377,0,0,0,0,0,A,C
rs239927,1,0,0,0,1,T,C
rs238777,0,0,0,0,0,A,C
rs5756306,1,0,0,0,2,C,T
rs5756312,1,1,1,1,0,C,T
rs9607473,0,1,1,1,0,A,G
rs9607474,0,1,1,1,0,T,C
rs238780,0,0,0,0,0,A,G
rs1866859,0,0,0,0,0,C,A
rs238775,1,1,1,0,2,T,C
rs5756378,0,0,0,0,0,A,T
rs9619703,0,0,0,0,0,A,C
rs5756388,0,0,0,0,0,C,A
rs1016547,0,1,0,0,0,T,C
rs1016548,0,1,0,0,0,G,A
rs6000509,0,0,0,0,0,A,C
rs61139,0,0,0,0,0,A,G
rs405698,0,0,0,0,0,A,T
rs460715,0,0,0,0,0,A,G
rs462101,0,0,0,0,0,A,G
rs9610881,0,0,0,0,0,A,C
rs1441033,0,0,0,0,0,A,C
rs412325,0,0,0,0,0,A,G
rs436484,0,0,0,0,0,A,T
rs410285,0,0,0,0,0,C,A
rs12170053,0,0,0,0,0,C,A
rs385556,0,0,0,0,0,A,T
rs426414,0,0,0,0,0,A,T
rs409381,0,0,0,0,0,C,A
rs431733,0,0,0,0,0,A,G
rs5995412,0,0,0,0,0,C,A
rs6000656,0,0,0,0,0,A,T
rs447708,0,0,0,0,0,A,G
rs417417,0,0,0,0,0,A,T
rs365783,0,0,0,0,1,C,T
rs366116,1,1,0,1,1,C,T
rs368014,0,0,0,0,0,A,C
rs1372070,0,0,1,0,0,T,C
rs11089871,0,0,1,0,1,G,A
rs9622749,0,0,0,0,0,A,T
rs986645,0,0,1,0,1,C,T
rs986646,0,0,0,0,0,A,T
rs6000691,0,0,0,0,0,A,G
rs4820285,0,0,1,0,1,C,T
rs738865,0,0,0,0,0,A,C
rs4145409,0,0,0,0,0,A,G
rs1894239,0,0,0,0,0,C,A
rs5750432,0,1,0,0,0,C,T
rs1076852,0,1,0,1,0,A,G
rs735455,1,0,0,0,0,T,C
rs2276450,0,0,0,0,0,A,T
rs762472,1,0,0,0,0,A,G
rs5756719,0,0,0,0,0,C,A
rs5756726,0,0,0,0,0,A,G
rs5750449,0,0,0,0,0,C,A
rs7286238,0,0,0,0,0,A,T
rs4820291,0,0,0,0,0,A,C
rs6519111,0,1,0,1,0,A,C
rs4821680,0,0,0,0,0,A,G
rs6519112,0,1,0,1,0,T,G
rs5750465,1,1,0,1,0,G,A
rs9610967,0,0,0,0,0,A,C
rs7291026,0,1,0,1,0,T,C
rs7291038,0,0,0,0,0,A,T
rs9622817,0,0,0,0,0,A,C
rs7291954,0,1,0,1,0,G,A
rs4145417,0,0,0,0,0,C,A
rs5750469,1,0,0,0,0,C,A
rs928901,1,1,0,1,0,G,A
rs4821685,0,0,0,0,0,C,A
rs4821687,1,0,0,0,0,A,G
rs16982618,0,0,0,0,0,C,A
rs8139423,1,0,0,0,0,A,G
rs9610974,0,0,0,0,0,A,C
rs7285864,0,1,0,1,0,T,C
rs7284771,0,0,0,0,0,A,G
rs7284887,0,1,0,0,0,T,G
rs5750487,1,0,0,0,0,G,A
rs2329928,1,0,0,0,0,G,A
rs5750488,0,0,0,0,0,A,G
rs16982689,0,0,0,0,0,A,C
rs2329929,0,1,1,1,0,C,A
rs6000878,0,0,0,0,0,A,T
rs5756807,1,0,1,1,0,T,C
rs5756808,0,0,1,0,0,T,C
rs737796,0,1,0,0,0,T,G
rs13058341,0,0,0,1,0,C,T
rs713636,0,1,1,1,0,G,A
rs1894251,0,0,0,0,0,A,C
rs5750496,0,1,1,1,0,C,T
rs13058323,0,0,0,0,0,A,G
rs5750498,0,0,1,0,0,T,G
rs4821718,0,1,1,1,0,A,C
rs9607564,0,1,0,0,0,G,A
rs5756832,0,0,1,0,0,T,C
rs5756833,0,1,1,1,0,A,G
rs7286062,0,0,0,0,0,A,T
rs7289959,0,0,0,0,0,A,G
rs12484854,0,0,0,0,0,A,C
rs5756850,0,1,1,0,0,T,C
rs16983057,0,0,1,0,0,G,A
rs16983062,0,0,1,0,0,C,T
rs5750511,0,1,1,0,0,T,C
rs16983131,0,0,1,0,0,C,T
rs6000948,0,1,0,0,0,A,G
rs5756862,0,0,1,0,0,C,A
rs7290065,0,0,1,0,0,C,T
rs7287024,0,0,1,0,0,C,T
rs6000973,0,1,0,0,0,G,A
rs8140543,0,0,0,0,0,A,C
rs8139909,0,0,0,0,0,A,T
rs5750526,0,1,1,2,0,C,T
rs5756895,0,0,1,1,0,C,T
rs5756960,0,0,1,1,0,A,G
rs11704841,0,1,0,1,0,C,A
rs16983891,0,0,0,0,0,A,G
rs4820327,0,0,0,1,0,A,C
rs9611098,2,0,0,0,1,T,C
rs5750594,0,1,2,0,1,G,A
rs2213161,0,0,0,2,0,T,C
rs4145535,0,1,0,2,0,C,T
rs5750601,2,0,1,0,1,G,A
rs9622968,0,1,0,2,0,G,A
rs16984390,0,1,1,0,1,G,A
rs16984404,0,0,0,0,0,C,A
rs5757080,2,0,1,0,1,A,G
rs738902,0,0,0,0,0,A,G
rs6001121,0,1,1,2,1,G,A
rs5995576,0,1,1,0,1,T,C
rs17558061,0,0,0,0,0,A,T
rs6001128,0,1,1,0,1,A,G
rs6001129,0,1,1,0,1,T,C
rs16984675,0,1,1,0,1,T,G
rs9306334,2,0,1,0,1,A,G
rs4821790,0,0,0,0,0,A,C
rs1467858,0,2,1,0,1,G,T
rs987710,0,2,1,0,1,G,A
rs9619811,0,0,0,2,0,C,T
rs737842,2,0,1,0,1,G,A
rs2073454,2,1,1,0,1,C,A
rs16984964,0,0,0,0,0,A,G
rs5757136,0,1,0,0,0,T,C
rs5757137,0,1,0,0,0,T,C
rs5757138,0,1,0,0,0,G,A
rs5757142,0,1,0,0,0,T,C
rs5757144,0,1,0,0,0,G,T
rs5757145,0,1,0,0,0,T,G
rs5995594,0,1,0,0,0,T,C
rs5757148,0,1,0,0,0,T,C
rs5757155,2,0,1,0,1,T,C
rs4239891,0,1,0,2,0,A,G
rs2877021,0,1,0,2,0,A,G
rs2330014,0,1,0,2,0,C,T
rs2213148,0,0,0,0,0,A,G
rs4820339,0,2,1,1,1,T,G
rs743517,0,2,1,1,1,T,G
rs743518,2,0,1,0,1,T,C
rs5757168,2,0,1,0,1,A,G
rs5757170,2,0,1,0,1,A,G
rs5757171,2,0,1,0,1,C,T
rs4821796,2,0,0,0,1,G,A
rs5757186,0,0,1,1,0,T,C
rs5995601,0,1,1,0,1,G,A
rs16985150,0,1,1,0,1,T,G
rs2105815,0,1,0,1,0,T,C
rs5757246,0,1,0,1,0,T,C
rs5757247,2,1,0,1,1,T,C
rs1076851,0,1,2,1,1,G,A
rs743520,0,1,2,1,1,C,A
rs6001207,0,0,0,0,0,A,G
rs4991799,0,1,2,1,1,T,C
rs4991801,2,1,0,1,1,C,A
rs5750674,0,1,0,1,0,T,C
rs5757258,0,1,2,1,1,T,C
rs9607653,2,0,0,0,1,G,A
rs713644,0,1,2,1,1,G,A
rs4145536,0,0,0,1,0,T,G
rs10483109,0,1,0,0,0,T,C
rs6001217,0,2,2,1,0,G,A
rs7291684,0,1,2,1,0,G,A
rs6001219,0,1,2,1,0,G,A
rs9623019,0,1,0,0,0,C,T
rs5995615,0,1,2,1,0,A,G
rs928894,2,0,0,1,2,T,C
rs928896,0,1,2,1,0,A,G
rs6001224,0,1,2,1,0,T,C
rs6001229,0,1,2,1,0,G,A
rs1543779,2,0,0,1,2,T,C
rs7293219,0,1,2,0,0,G,A
rs2073446,0,1,0,1,0,T,C
rs2073449,0,0,0,1,0,C,T
rs9611215,2,1,1,0,1,T,G
rs8137352,0,1,1,0,0,T,C
rs2330020,2,1,1,0,1,C,A
rs2330025,0,1,1,2,1,T,C
rs1008560,0,0,0,1,1,A,G
rs4821846,0,0,0,1,1,G,T
rs1557492,0,0,1,2,1,A,G
rs9623076,0,0,1,0,0,T,C
rs738872,0,0,1,2,1,A,G
rs5750720,2,0,1,0,0,A,C
rs9623078,0,0,0,0,0,A,G
rs2330040,1,0,2,1,0,G,A
rs5995667,0,0,0,0,0,A,T
rs1029271,1,0,2,1,0,C,T
rs5750749,1,0,2,1,0,T,C
rs12159423,0,0,0,1,1,G,A
rs6001474,0,2,0,0,1,C,T
rs5757512,1,1,0,1,1,A,G
rs12484704,1,1,1,0,0,G,C
rs5750778,1,2,1,0,1,T,C
rs8141482,0,0,0,1,1,C,T
rs8137866,0,0,1,1,0,C,T
rs7286018,1,0,1,1,0,T,C
rs1573600,1,2,1,0,1,T,G
rs7289754,2,1,0,0,0,T,C
rs11574460,0,0,0,0,0,A,G
rs11089978,0,0,0,0,0,A,T
rs1320,0,1,0,0,1,A,G
rs5995720,0,0,0,0,0,A,G
rs6001563,0,1,0,0,1,G,A
rs2285019,1,0,0,0,1,T,C
rs10854726,0,0,0,0,0,A,T
rs5750807,1,1,0,0,2,A,G
rs1541312,0,0,1,0,0,A,G
rs2329979,1,1,0,1,1,T,C
rs6001758,1,1,1,1,1,G,A
rs6001766,1,1,1,1,1,T,C
rs10483110,1,0,0,0,1,G,A
rs3819309,1,1,0,1,1,A,G
rs12169565,0,0,0,0,0,A,G
rs6001873,0,1,1,1,0,G,A
rs6001881,0,0,1,0,0,G,A
rs8140634,1,1,0,1,1,A,G
rs6519245,1,1,1,1,1,C,A
rs2073458,1,1,1,1,1,G,A
rs16987355,0,0,0,0,0,A,T
rs11090042,0,2,1,2,0,G,A
rs2014298,2,0,1,0,2,G,A
rs1034362,1,0,0,0,1,C,T
rs4395341,0,0,0,0,0,A,T
rs4821948,1,0,1,0,1,T,G
rs17578409,1,0,0,0,1,C,T
rs874303,0,0,0,0,0,A,T
rs736898,1,0,0,0,1,T,C
rs5757999,1,1,0,0,1,G,A
rs2213145,0,0,0,0,0,A,G
rs2213150,1,1,0,0,1,C,T
rs9680758,1,0,1,1,1,C,T
rs5758017,1,1,0,0,1,C,A
rs731036,0,0,0,0,0,A,C
rs762467,1,1,0,0,1,C,A
rs6519253,0,1,0,0,0,C,T
rs4820414,1,1,0,0,1,A,G
rs5758022,0,2,1,1,0,G,A
rs738881,1,0,0,1,1,T,C
rs16987792,0,1,1,0,0,T,C
rs397478,2,0,1,1,1,C,A
rs8140331,0,1,1,0,0,C,T
rs16987822,0,0,0,0,0,A,T
rs6002016,0,1,1,1,0,A,G
rs6002026,0,1,1,0,0,T,C
rs6002030,0,1,1,0,0,T,G
rs6519260,0,1,1,0,0,C,T
rs1477442,0,1,1,0,0,G,T
rs5995934,0,0,0,0,0,A,G
rs7284345,0,1,1,0,0,A,G
rs380708,0,0,0,1,1,A,G
rs9611622,0,0,2,0,0,C,A
rs5750997,1,1,0,0,2,T,C
rs435415,1,0,0,1,0,A,G
rs5758117,1,1,0,0,1,T,G
rs2051489,0,0,0,1,0,T,C
rs2288090,0,0,0,1,0,T,C
rs5995994,0,0,0,0,0,A,G
rs6002263,0,1,0,0,0,A,G
rs7290196,0,1,0,0,0,C,T
rs7286936,0,0,0,0,0,C,A
rs165632,1,1,2,0,0,T,C
rs6002273,0,1,0,0,0,A,G
rs16988279,0,0,0,0,1,A,G
rs6002283,0,0,0,0,0,A,G
rs12158757,0,0,0,0,0,A,G
rs7285621,0,0,0,0,1,C,T
rs1894242,0,0,0,0,1,T,C
rs1076108,0,0,0,1,1,C,T
rs16988712,0,0,0,1,1,A,G
rs6002423,0,0,0,0,0,A,T
rs377976,0,0,1,0,1,G,T
rs414781,0,0,0,0,1,C,A
rs408785,0,0,0,0,2,A,G
rs9306362,0,0,0,0,0,A,C
rs5758470,0,0,0,0,1,T,C
rs5758484,0,0,0,0,1,C,A
rs5751168,0,0,0,0,1,T,C
rs965764,0,0,0,0,1,A,G
rs9620096,0,0,0,0,0,A,G
rs5758528,0,0,0,0,1,C,A
rs5751193,0,0,0,0,2,A,G
rs2330097,0,0,0,0,1,G,A
rs362139,0,0,0,0,2,A,G
rs361901,0,0,0,0,1,G,A
rs7290828,0,0,0,0,1,T,C
rs5996102,0,0,0,0,2,G,A
rs361558,0,0,1,1,2,G,A
rs362132,0,0,1,1,2,T,C
rs362011,0,0,1,1,2,T,C
rs361959,0,0,1,1,2,C,A
rs362012,1,2,0,1,1,G,A
rs362044,1,1,0,1,0,G,A
rs362245,1,1,0,0,0,A,G
rs16989499,0,0,0,0,0,A,C
rs10854759,0,1,1,0,0,A,G
rs5996137,0,1,1,0,0,A,G
rs3747098,0,1,0,0,0,C,T
rs8405,0,1,0,0,0,G,T
rs17497547,0,0,1,0,0,C,T
rs2072049,1,1,0,1,2,T,G
rs16989530,0,0,0,0,0,A,G
rs2266983,1,0,2,1,0,A,G
rs2266988,1,0,2,1,0,A,G
rs2266991,0,1,0,0,0,T,C
rs3827306,0,1,0,0,0,A,G
rs12484407,0,1,0,0,0,T,G
rs6519366,1,0,1,1,0,C,T
rs4822138,0,1,0,0,0,C,T
rs4820469,0,1,0,0,0,T,C
rs4822154,0,1,0,0,0,A,G
rs6002786,1,0,1,1,0,T,C
rs16989280,0,0,0,0,0,A,C
rs2330191,1,0,1,1,0,T,C
rs715594,1,0,1,1,0,T,C
rs6002818,0,1,0,0,0,A,G
rs5758828,0,0,1,1,0,A,C
rs5758832,0,0,1,1,0,A,C
rs5751346,0,0,1,1,0,G,T
rs10854760,0,1,0,0,0,A,G
rs1557618,1,1,0,1,2,T,G
rs4822190,0,2,0,0,0,G,A
rs16989489,0,0,0,0,0,A,C
rs715516,0,0,1,2,0,G,A
rs930345,0,0,0,0,0,A,G
rs5996240,0,2,0,0,1,T,C
rs5758983,0,0,1,2,1,A,G
rs5758984,0,0,0,1,1,G,A
rs16989599,0,0,0,0,0,A,G
rs16989660,0,0,0,0,0,A,C
rs4822229,2,0,1,0,0,C,A
rs5759061,1,0,1,1,0,C,A
rs5759068,1,0,1,1,0,T,C
rs16989789,0,0,0,0,0,A,C
rs5759112,0,0,1,1,1,A,C
rs9620151,0,0,0,0,0,A,C
rs1633829,1,2,0,0,1,G,A
rs6003181,0,0,0,0,0,A,G
rs6003185,0,0,0,0,0,A,G
rs11912442,0,0,0,0,0,A,G
rs16990236,0,0,0,0,0,A,C
rs456455,0,2,1,0,1,A,G
rs455578,0,2,1,0,1,T,C
rs397112,0,2,2,0,0,C,T
rs438842,0,2,2,0,0,T,C
rs429798,1,0,0,0,0,A,G
rs421883,0,2,2,0,0,A,G
rs376453,0,2,2,0,0,G,A
rs4481090,0,0,0,0,0,A,G
rs10483113,0,0,0,0,0,A,C
rs438844,0,2,1,0,0,C,T
rs119032,0,0,0,1,1,A,C
rs6003222,0,0,0,0,1,C,T
rs5751511,0,0,0,0,0,A,G
rs3814997,0,0,0,0,1,C,T
rs5759373,0,0,1,0,0,C,T
rs9623882,0,2,0,0,0,A,G
rs2164667,0,1,0,0,0,C,T
rs11704216,0,1,0,0,0,A,G
rs8140385,0,1,0,0,0,T,C
rs6003245,0,1,0,0,0,G,A
rs7291677,0,0,0,0,0,A,C
rs6003246,0,1,1,1,0,A,G
rs5996362,0,1,1,1,0,T,C
rs6003249,0,1,1,1,0,G,A
rs6003256,0,1,1,1,0,A,G
rs4634036,0,0,0,0,0,A,G
rs6003293,0,0,0,0,0,A,G
rs11912861,0,0,0,0,0,A,C
rs16993040,0,0,0,0,0,A,G
rs16993225,0,0,1,1,2,T,C
rs6003322,0,0,0,0,0,A,C
rs9623946,0,0,0,0,0,A,G
rs12170079,0,0,0,0,0,A,C
rs367216,0,0,0,0,2,C,A
rs2854095,0,1,0,1,0,T,C
rs1475930,1,0,0,1,0,C,T
rs6003386,0,1,0,0,0,A,C
rs464805,0,0,0,0,0,A,T
rs2016893,0,0,0,1,0,T,C
rs2854096,1,0,0,0,0,C,T
rs370534,0,0,0,0,0,A,C
rs390407,0,1,0,0,0,C,T
rs451115,0,0,0,0,0,C,A
rs6003389,1,0,0,0,0,A,G
rs11090195,0,0,0,1,0,T,C
rs737885,1,1,0,2,0,T,G
rs394409,0,1,0,1,0,G,A
rs8135996,1,0,1,0,1,G,A
rs403478,0,0,0,1,0,C,T
rs4822350,1,0,0,0,0,T,C
rs436599,1,1,1,0,1,C,T
rs4822351,0,1,1,1,1,T,C
rs407960,0,1,1,0,0,T,G
rs463235,0,0,0,1,0,T,C
rs7288450,1,1,1,1,1,T,C
rs2188131,1,0,0,0,0,C,T
rs469120,0,1,1,0,0,C,T
rs455929,0,0,0,1,0,T,G
rs469412,0,0,0,1,0,G,A
rs2012607,0,1,1,0,1,G,A
rs8137688,1,1,1,1,1,G,A
rs5996421,0,0,2,0,1,A,G
rs5996423,0,0,0,2,0,T,C
rs6003397,2,0,0,0,1,C,T
rs6003402,0,0,0,2,0,A,C
rs9623979,0,0,0,1,0,C,A
rs11705658,2,2,0,0,1,T,C
rs915613,1,0,2,0,1,G,A
rs2013551,1,0,2,0,1,T,C
rs877728,1,0,2,0,1,C,A
rs9680848,0,0,0,0,0,A,T
rs6003439,1,0,2,0,1,C,A
rs6003447,0,1,0,1,0,T,C
rs9306382,0,1,0,1,0,A,G
rs5996446,1,0,2,1,1,T,C
rs6003461,0,1,0,1,0,C,T
rs882511,0,1,0,0,0,G,A
rs882512,0,1,0,0,0,A,G
rs876101,1,1,0,1,1,A,G
rs6003472,1,1,0,1,1,T,C
rs6003475,1,0,1,0,1,A,G
rs6003484,1,2,1,0,1,G,A
rs7292309,0,0,0,1,0,G,A
rs875602,1,0,1,2,1,T,C
rs756634,0,0,0,0,0,A,C
rs6003495,1,0,1,2,1,G,A
rs13054331,1,0,1,1,1,A,G
rs9624019,1,0,0,0,0,C,A
rs3788337,0,2,1,0,1,G,A
rs5751574,1,2,0,1,0,A,G
rs3788339,1,0,0,0,0,G,A
rs3788341,0,0,1,0,1,G,A
rs9306383,0,1,1,2,1,C,A
rs5759580,1,0,1,0,0,A,G
rs7287068,0,0,0,0,0,A,G
rs5751579,1,0,1,0,0,T,C
rs5751583,0,0,0,0,0,A,G
rs874138,1,0,1,0,0,T,C
rs2078729,0,0,0,0,0,A,G
rs885962,1,0,1,0,0,C,A
rs2330338,1,0,1,1,0,G,A
rs16997431,0,0,0,1,0,T,G
rs2283802,1,0,1,0,0,T,C
rs2283803,0,1,0,1,1,G,A
rs2267000,0,1,0,1,1,T,C
rs13054985,0,1,0,1,1,G,A
rs2267005,0,1,0,1,0,A,G
rs756631,0,1,0,0,1,A,G
rs16997606,0,0,0,0,0,A,G
rs4820537,1,1,1,0,1,G,A
rs1051875,0,1,0,0,1,G,A
rs3788347,0,1,0,0,1,G,A
rs756632,0,1,0,0,0,T,C
rs9612237,0,1,0,0,1,T,C
rs4820539,0,1,0,0,1,A,G
rs9612240,0,1,0,0,1,C,T
rs4822360,0,1,0,0,1,A,G
rs6003523,0,0,0,0,0,A,C
rs5751591,0,1,0,1,1,G,A
rs2283804,1,1,1,0,1,C,A
rs2267006,1,1,1,0,1,A,G
rs4822363,0,0,0,0,1,T,C
rs9612248,1,1,1,1,1,T,C
rs5751592,0,0,0,0,1,T,C
rs2267007,1,0,1,0,1,T,C
rs5759608,1,0,1,0,1,T,C
rs5759611,1,0,1,0,0,A,G
rs5759612,1,0,1,0,1,A,G
rs737818,1,0,1,0,1,G,A
rs737819,1,0,1,1,1,T,C
rs4820541,1,0,1,0,0,T,C
rs5751593,1,0,1,0,1,T,C
rs5759619,1,0,1,1,1,C,T
rs5759620,1,0,1,0,1,G,A
rs5759621,1,0,1,0,1,C,T
rs1807460,1,0,1,0,1,T,C
rs8142746,1,0,1,0,1,T,C
rs3761418,1,0,0,0,0,G,A
rs2267009,1,0,0,0,0,G,T
rs2267010,0,0,0,0,0,C,A
rs2267012,0,0,0,0,0,A,G
rs5759636,0,0,1,0,1,T,C
rs2071431,1,0,0,0,0,G,T
rs2071436,1,0,0,0,0,T,C
rs2267013,1,0,0,0,0,G,A
rs6003560,0,0,0,0,0,C,A
rs6003561,0,0,0,0,0,A,C
rs6003566,0,0,0,0,0,C,A
rs2256725,1,0,0,0,0,C,A
rs12160770,0,0,0,0,0,A,G
rs16998658,0,0,0,0,0,A,C
rs5751611,1,1,1,0,1,C,T
rs762601,1,1,1,0,1,A,G
rs2156921,1,0,1,0,1,G,A
rs4822375,1,1,1,0,1,A,G
rs1004040,1,1,1,0,1,A,G
rs5751613,1,1,0,0,0,T,C
rs5751614,1,1,1,0,1,G,A
rs140500,1,1,0,0,0,A,G
rs928781,0,0,1,2,1,A,G
rs5759666,0,0,1,2,1,T,C
rs16998920,0,0,0,0,0,A,C
rs743584,0,0,1,2,1,A,G
rs9612272,0,0,1,2,1,T,C
rs5759670,0,0,1,2,1,A,G
rs140503,0,0,1,0,1,G,A
rs12233352,0,0,0,0,0,C,A
rs3788358,0,0,1,2,0,T,C
rs12166802,0,0,0,0,0,A,C
rs5759676,0,0,0,0,0,A,T
rs7288846,0,0,1,2,1,C,T
rs13054277,0,0,1,2,1,A,G
rs140504,1,1,0,0,0,A,G
rs5996513,0,0,0,0,0,A,C
rs5759681,0,0,1,2,1,C,T
rs13340074,0,0,0,0,0,C,A
rs131677,1,1,0,0,0,C,A
rs131678,1,1,1,1,1,G,A
rs2267022,0,0,1,2,1,C,T
rs3788360,0,0,1,2,1,A,G
rs2267025,0,0,0,0,0,A,G
rs2239666,0,0,1,1,1,C,T
rs17540103,1,1,0,0,0,G,A
rs5759686,0,0,0,0,0,A,C
rs5759691,0,0,0,0,0,A,G
rs12168342,0,0,1,1,1,G,A
rs9608102,0,0,0,1,0,T,C
rs131690,0,0,1,1,1,A,G
rs2267027,0,0,0,0,0,A,C
rs131693,0,0,1,1,1,G,T
rs131702,0,0,0,1,0,T,G
rs13056151,0,0,0,0,0,A,G
rs5751630,0,0,0,0,0,A,C
rs11090233,0,1,1,1,0,G,A
rs8139654,0,0,0,0,0,A,C
rs738776,0,1,0,1,0,C,T
rs6003645,0,1,0,1,0,T,C
rs5759742,0,1,0,1,0,G,A
rs6003648,0,1,0,1,0,A,G
rs6003649,0,1,0,1,0,G,A
rs9612334,0,1,0,1,0,A,G
rs5996528,0,0,0,0,0,A,C
rs9620258,2,0,1,1,1,T,C
rs762260,0,0,0,0,0,A,C
rs5759748,0,0,0,0,0,A,G
rs5759750,0,0,0,1,0,G,A
rs5019659,0,0,0,1,0,T,C
rs5759756,0,0,0,0,0,C,A
rs4822392,0,0,0,1,0,G,A
rs7349056,1,0,1,1,0,G,A
rs6003688,2,0,0,2,0,C,T
rs5996534,0,0,1,0,0,T,C
rs2003752,1,0,1,2,0,G,A
rs9612343,2,0,1,2,0,G,A
rs4822397,0,2,1,0,2,T,C
rs13056375,1,0,0,0,0,T,C
rs6003692,0,0,1,0,0,T,C
rs11913492,0,0,0,0,0,A,T
rs2330452,1,0,0,2,0,A,G
rs6003695,0,0,0,0,0,A,C
rs4822406,0,0,0,1,0,C,A
rs8141736,0,0,0,0,0,C,A
rs2017342,1,1,0,0,0,C,T
rs5751654,1,1,0,0,0,G,A
rs9612352,0,0,1,0,2,T,G
rs4822410,0,1,0,0,0,G,A
rs6003709,0,0,1,0,0,A,G
rs5759802,0,0,0,0,0,A,C
rs5751660,1,0,1,0,0,C,T
rs8139275,0,0,0,0,0,A,G
rs5996546,1,0,0,0,0,T,C
rs2073383,0,0,0,0,0,A,C
rs2000463,1,2,0,1,1,G,A
rs6519442,1,1,1,1,1,T,G
rs12169718,1,1,1,1,0,G,A
rs5759832,1,1,0,1,0,T,C
rs4822416,1,1,1,1,0,A,G
rs7289380,1,1,1,1,0,G,A
rs5759844,0,0,1,0,0,A,G
rs131305,0,0,0,0,0,A,G
rs140154,1,1,0,1,0,T,C
rs17002022,0,0,1,0,0,A,G
rs17543753,1,0,0,0,0,A,C
rs140156,0,1,0,1,0,A,C
rs140157,0,1,0,1,0,T,C
rs131333,0,1,0,1,0,G,A
rs9608151,1,0,0,0,0,T,G
rs131345,1,1,0,1,0,C,T
rs5996564,0,0,0,0,0,A,G
rs131349,0,1,0,1,0,C,T
rs140161,0,1,0,1,0,A,G
rs5759855,1,1,0,1,0,C,A
rs5759858,0,0,0,0,0,A,G
rs6003752,0,0,0,0,0,A,T
rs4822422,1,0,0,0,0,A,G
rs738781,0,0,0,0,0,C,A
rs915583,0,0,0,0,0,A,G
rs1892707,0,0,0,0,0,A,C
rs5751691,1,1,0,1,1,A,G
rs4822423,1,1,0,1,1,T,C
rs131382,1,1,0,1,1,C,T
rs131385,0,0,0,0,0,A,G
rs9612370,1,0,0,1,1,T,G
rs131387,0,2,1,1,0,C,T
rs9612371,0,0,1,0,0,T,C
rs4820556,0,2,1,1,0,G,A
rs5759887,0,2,1,1,0,T,G
rs131408,1,0,2,0,0,C,T
rs131409,0,0,1,0,0,C,T
rs179306,0,0,1,0,0,T,C
rs179307,0,0,1,0,0,G,A
rs17002476,1,0,0,0,0,T,C
rs9620289,0,0,1,0,0,C,T
rs107017,0,0,2,0,1,G,A
rs5996577,0,0,1,0,1,G,A
rs9624216,0,0,1,0,0,A,G
rs140174,0,0,1,0,1,G,A
rs12627824,0,1,0,0,0,C,T
rs131429,0,1,1,1,2,T,C
rs131430,1,1,0,0,0,A,G
rs7287616,1,0,1,1,0,T,C
rs11090262,2,0,1,1,0,G,A
rs9608164,1,0,1,1,0,G,T
rs9612385,2,0,1,1,0,A,G
rs131433,0,1,0,0,0,C,T
rs17002697,0,0,1,0,0,T,C
rs6003807,0,0,0,0,0,A,G
rs7290863,0,0,0,0,0,A,G
rs7288250,1,1,1,0,0,T,C
rs4822431,0,1,0,0,0,T,C
rs11090264,0,1,1,1,0,G,A
rs2154592,0,1,0,0,0,A,G
rs9612389,0,0,0,0,0,C,A
rs2298372,1,1,1,1,1,G,A
rs17545261,0,1,1,1,0,T,C
rs9624230,1,0,0,0,1,T,C
rs17002820,0,0,0,0,0,C,A
rs17627963,0,0,0,0,0,A,T
rs6003815,1,1,0,0,1,C,T
rs12484556,1,1,0,0,1,C,T
rs9680742,0,0,1,1,0,T,C
rs12167140,0,0,0,1,0,T,C
rs17002910,0,0,0,0,0,A,C
rs3827318,0,0,0,1,0,G,A
rs9306387,2,0,1,0,2,T,C
rs10427870,0,0,0,0,0,A,C
rs16994633,0,0,0,0,0,A,C
rs9620296,0,0,0,0,0,A,C
rs6003823,0,0,0,1,0,T,C
rs6003824,0,0,0,0,0,A,G
rs6519457,0,0,0,0,0,A,G
rs3747106,0,0,0,0,0,A,C
rs6519460,0,0,0,0,0,C,A
rs6519465,0,2,1,0,0,T,C
rs10222270,0,0,0,1,0,A,C
rs2330555,0,2,1,1,0,A,G
rs5751708,0,2,1,1,0,A,G
rs738785,0,2,1,1,0,T,C
rs5759960,0,2,1,2,0,T,C
rs2330579,0,2,1,2,0,T,C
rs3747110,2,0,0,1,1,C,T
rs8140340,2,0,0,1,1,T,G
rs6003842,2,0,0,0,1,A,G
rs17003376,0,0,0,0,0,A,C
rs5751713,0,0,0,0,0,A,G
rs5751714,0,0,0,0,0,A,T
rs7292680,0,0,0,0,0,A,T
rs738786,2,0,0,1,1,A,G
rs6003845,0,0,0,0,0,A,C
rs2070446,2,0,0,0,1,C,T
rs2070447,0,0,0,0,0,A,G
rs2070448,0,0,0,0,0,A,T
rs2070449,0,0,0,0,0,A,T
rs8137247,0,0,0,0,0,C,A
rs1007298,2,0,1,0,2,T,C
rs7287346,0,0,0,0,0,C,A
rs6003847,0,0,0,1,0,T,G
rs6003849,0,2,1,2,0,G,A
rs2070444,0,0,0,1,0,G,A
rs8143019,0,0,0,1,0,T,C
rs9612413,0,0,0,0,0,A,C
rs17630135,0,0,0,1,0,T,C
rs5759985,0,0,0,1,0,G,A
rs5759986,0,0,0,1,0,A,G
rs6003870,1,2,0,1,0,A,G
rs2070452,0,0,0,0,0,A,C
rs11702993,0,0,0,0,0,A,C
rs2070453,0,0,0,0,0,A,T
rs2070454,0,0,0,0,0,C,A
rs1076123,0,0,0,0,0,A,T
rs5759997,1,0,0,1,0,T,C
rs5760005,0,0,0,0,0,A,G
rs2330621,0,0,0,0,0,A,C
rs2298375,0,0,0,0,0,A,G
rs131442,0,0,0,0,0,A,G
rs131445,0,0,2,0,1,C,A
rs131451,0,0,2,0,1,C,T
rs738791,1,2,0,1,1,T,C
rs2267029,0,0,0,0,0,A,G
rs738792,0,0,0,0,0,A,T
rs28382575,0,0,0,0,0,A,T
rs8137555,0,0,0,0,0,A,T
rs34248325,0,0,0,0,0,A,G
rs2073387,0,0,0,0,0,A,G
rs11704810,0,0,0,0,0,A,G
i5002824,0,0,0,0,0,A,C
i5002822,0,0,0,0,0,C,A
rs2073390,0,0,0,0,0,C,A
rs17630758,1,0,0,1,0,A,G
rs5760023,1,2,0,1,1,T,C
rs738796,0,0,0,0,0,A,C
i5002823,0,0,0,0,0,A,C
rs9620326,1,0,0,1,0,T,C
rs5751739,0,0,0,0,0,A,G
rs2267032,0,0,0,0,0,A,G
rs6003889,0,0,0,0,0,A,C
rs28896562,0,0,0,0,0,A,C
rs7288119,0,0,0,0,0,A,G
rs738800,0,0,0,0,0,C,A
rs2073391,1,0,2,1,1,G,A
rs2070457,1,2,0,1,1,C,A
rs9612452,0,0,0,0,0,A,G
rs2073395,0,0,0,0,0,A,C
rs9608196,0,0,0,0,0,A,T
rs9612475,0,0,0,0,0,A,G
rs5996618,0,0,0,0,0,A,C
i5002821,0,0,0,0,0,A,G
rs9612481,0,0,0,0,0,A,G
rs17003998,0,0,0,0,0,A,G
rs5760061,0,0,0,0,0,C,A
rs1128127,0,0,0,0,0,A,G
rs6003909,0,0,0,0,0,A,G
rs6519476,1,0,0,1,0,A,G
rs2070464,1,0,0,1,0,G,A
rs5751749,0,0,0,0,0,C,A
rs6003913,0,0,0,0,0,A,T
rs6003914,0,0,0,0,0,A,T
rs5760066,0,0,2,0,0,A,G
rs738802,2,1,0,0,0,A,G
rs738803,0,0,0,1,1,A,G
rs5760071,0,1,1,1,0,C,T
rs5760075,0,1,1,1,0,C,T
rs17637865,0,0,0,0,1,T,C
rs16986337,1,0,0,0,0,T,C
rs17550765,0,0,0,0,1,G,A
rs9620328,0,1,1,1,0,T,C
rs2275979,0,1,0,0,0,A,G
rs4822441,1,2,1,1,0,G,A
rs2330625,1,0,1,1,1,G,A
rs6003933,1,0,1,1,1,C,T
rs2330626,0,1,0,0,0,G,C
rs2298376,0,0,0,0,0,C,A
rs7292659,0,0,0,0,0,A,G
rs11913427,0,0,0,0,1,G,A
rs1003784,0,1,1,0,0,G,A
rs4822442,0,1,0,0,0,T,G
rs2236620,0,1,1,1,1,C,T
rs2236621,0,1,1,1,1,T,C
rs2070460,0,1,1,0,0,A,G
rs6003939,0,0,0,0,1,C,A
rs12628766,0,0,0,0,1,G,T
rs875643,0,1,0,1,1,G,A
rs738806,0,1,0,0,0,A,G
rs738807,0,0,0,1,0,T,C
rs5751759,0,0,0,1,0,G,A
rs2012124,0,1,0,0,0,T,C
rs755622,0,0,0,1,0,C,G
rs35625249,0,0,0,0,0,A,C
rs2000466,0,0,0,1,0,G,T
rs17004046,0,0,0,0,1,T,G
rs5760093,0,1,0,0,0,G,A
rs1007888,0,1,2,0,1,C,T
rs2000467,0,0,1,0,1,A,G
rs17004049,0,1,1,0,0,G,A
rs2000468,0,1,2,0,1,G,T
rs4820571,0,0,1,0,1,A,G
rs11703881,0,0,0,0,0,A,G
rs11913559,0,1,0,0,0,T,G
rs5760096,0,0,1,0,0,A,G
rs4822451,0,0,2,0,0,T,G
rs7293178,0,1,0,0,0,A,G
rs5760102,0,0,2,0,1,T,C
rs1018744,0,0,1,0,1,T,C
rs2330635,0,0,2,0,1,T,C
rs2186366,0,0,2,0,1,C,T
rs4822453,0,0,2,0,1,G,T
rs1002286,0,1,2,0,1,G,A
rs9608216,0,0,0,0,1,T,C
rs4461358,0,1,0,0,0,C,T
rs8138536,0,1,0,0,0,G,A
rs915590,0,0,0,0,1,A,G
rs6003954,0,0,0,0,0,A,C
rs6003959,0,0,0,0,0,A,C
rs4822458,0,0,2,0,1,C,T
rs4822461,0,0,2,0,1,G,T
rs1892714,0,0,2,0,1,C,T
rs1892715,0,0,2,0,1,C,T
rs2330638,0,0,2,0,1,A,G
rs5996635,0,0,2,0,1,C,T
rs8139775,0,0,0,0,0,A,C
rs113413,0,0,2,0,1,C,T
rs2739338,0,0,2,0,1,T,C
rs9624364,0,0,1,0,0,A,G
rs1006771,0,0,1,0,1,G,T
rs9612528,0,1,0,0,1,A,G
rs1126752,0,0,0,0,0,A,C
rs5760147,0,0,2,0,0,C,A
rs6004011,0,0,2,0,0,G,T
rs368588,0,0,0,0,1,A,C
rs4630,0,0,0,0,1,G,A
rs17850155,0,0,0,0,0,A,C
rs2234953,0,0,0,0,0,A,C
rs2266637,0,0,0,0,0,A,C
rs2266633,0,0,0,0,0,A,C
rs2266636,0,0,0,0,0,A,C
rs140308,0,0,0,0,1,A,G
rs11550605,0,0,0,0,0,A,T
rs2234734,0,0,0,0,0,A,G
rs2234735,0,0,0,0,0,C,A
rs17856199,0,0,0,0,0,C,A
rs140313,0,0,0,0,1,C,T
rs11550606,0,0,0,0,0,C,A
rs2266635,0,0,0,0,0,A,C
rs6519497,0,0,0,0,0,A,C
rs4147582,0,0,0,0,0,A,G
rs9624383,0,0,0,0,0,A,G
rs6004035,0,0,0,0,0,A,C
rs140315,0,0,0,0,0,A,G
rs5760176,0,0,2,0,1,G,A
rs738809,0,0,1,0,0,G,A
rs422674,2,0,1,1,0,A,C
rs11090305,0,1,1,0,2,C,T
rs5760180,0,0,0,0,0,A,G
rs8137455,0,0,0,0,0,A,C
rs873833,0,1,1,0,1,G,A
rs5760185,0,0,0,0,0,A,G
rs5760189,0,0,0,0,0,A,C
rs8142186,0,0,0,0,0,C,A
rs17004823,0,0,0,0,0,A,G
rs17004824,0,1,0,0,1,T,C
rs2073396,0,1,1,0,1,G,A
rs9624395,0,0,0,0,0,C,A
rs6004051,0,0,0,0,0,A,C
rs2282476,0,1,1,1,2,C,A
rs3788367,0,0,0,0,0,A,C
rs3827321,0,1,1,0,1,G,A
rs2051198,0,1,0,0,1,A,G
rs5760201,0,0,0,0,0,C,A
rs12166151,0,0,0,0,0,A,C
rs4820581,0,0,0,0,0,C,A
rs2070471,0,1,1,0,1,G,A
rs2001106,0,0,0,0,0,A,T
rs2267064,0,1,1,0,1,G,T
rs2267065,0,1,1,0,1,C,T
rs16986418,0,0,0,0,0,A,T
rs11090310,0,0,0,0,0,A,C
rs3788368,0,0,0,0,0,A,T
rs8141797,0,0,0,0,0,C,A
rs2070469,0,1,0,0,1,A,G
rs2070470,0,1,1,0,1,C,T
rs5760244,0,1,1,0,1,A,G
rs8138769,0,1,1,0,1,G,A
rs5996674,0,1,0,0,1,G,A
rs6004094,0,1,0,0,1,C,T
rs738810,0,1,0,1,1,G,A
rs8140505,0,1,0,1,1,G,A
rs5996675,0,1,0,0,1,G,A
rs7288201,0,0,0,0,0,A,T
rs8142702,0,0,0,0,0,A,C
rs2275984,0,0,0,1,0,C,T
rs2267073,1,1,2,1,0,T,C
rs204711,0,0,0,0,0,A,C
rs5760276,0,0,0,0,0,A,C
rs4822481,0,1,1,1,2,T,C
rs5760301,2,1,1,1,0,G,A
rs9624447,0,1,1,0,0,T,C
rs5751838,2,1,1,1,0,T,C
rs7288682,0,0,0,1,0,G,A
rs28649670,0,0,0,0,0,A,G
rs1041748,0,1,1,0,0,T,C
rs5751842,0,0,0,0,0,C,A
rs5751846,1,1,1,0,0,A,G
rs3747113,0,1,1,0,0,A,G
rs5760345,0,0,0,1,0,T,C
rs6004132,0,0,0,0,0,C,A
rs5751850,0,0,0,0,0,C,A
rs7293001,0,0,0,1,0,A,G
rs11912244,0,0,0,0,0,C,A
rs4820585,2,1,1,1,0,T,C
rs2082733,1,1,1,0,0,A,C
rs2099443,0,1,1,1,2,T,G
rs5760357,0,0,0,0,0,C,A
rs5760364,0,0,0,1,0,T,G
rs9608277,0,0,0,0,2,T,C
rs8137515,0,0,0,1,0,G,T
rs11703914,0,1,1,0,0,G,T
rs5760382,0,1,1,0,2,G,A
rs6004146,1,0,0,0,0,T,C
rs1347387,0,0,0,0,2,G,A
rs5751862,0,1,1,0,2,A,G
rs9608282,1,0,0,1,0,T,G
rs1003774,0,1,1,1,2,T,G
rs7678,0,0,0,1,0,T,G
rs5760410,2,1,1,1,0,G,A
rs7285057,0,0,0,0,0,A,T
rs2298383,0,1,1,0,2,T,C
rs3761422,2,1,1,0,0,T,C
rs5996696,0,0,0,1,0,C,A
rs2267076,1,1,1,1,0,T,C
rs5996697,0,0,0,0,0,A,T
rs8184997,0,0,0,0,0,A,C
rs4822489,0,1,1,0,2,G,T
rs2236624,1,1,1,1,0,T,C
rs2236625,0,0,0,0,0,A,C
rs4990,0,0,0,0,0,A,G
rs5751876,2,1,1,1,0,T,C
rs34923252,0,0,0,0,0,A,T
rs5760425,2,1,1,1,0,T,G
rs17651189,0,0,0,0,0,A,T
rs1008931,2,1,1,1,0,G,A
rs9620388,0,0,0,0,0,C,A
rs738813,0,1,1,1,2,G,A
rs5760440,0,1,1,1,2,T,C
rs9624480,0,0,0,0,0,A,C
rs9620391,2,1,1,1,0,T,C
rs17004934,0,0,0,0,0,A,C
rs17004935,0,0,0,0,0,A,G
rs17004936,0,0,0,1,0,A,G
rs4822502,0,1,1,0,2,T,C
rs5760452,0,1,1,1,2,T,C
rs3788371,0,0,0,1,0,G,A
rs3788372,0,1,1,0,2,A,G
rs34035085,0,0,0,0,0,A,C
rs738814,0,1,1,0,2,A,G
rs1015050,0,0,0,0,0,A,G
rs140330,0,1,1,1,2,G,A
rs140331,0,0,0,0,0,A,G
rs6004171,2,1,1,1,0,T,C
rs140335,2,0,1,1,0,C,T
i5005985,0,0,0,0,0,A,G
rs1314,1,0,0,0,0,G,T
rs28461882,0,0,0,1,0,A,G
rs11090327,1,0,0,0,0,G,A
rs8136239,0,1,0,0,0,A,C
rs6004179,1,0,0,1,0,T,C
rs9608295,0,1,0,0,0,T,C
rs2330883,0,0,0,0,0,C,A
rs9704,1,0,0,1,0,A,G
rs12170895,1,0,0,0,0,T,C
rs762283,0,0,0,0,2,A,G
rs743368,0,0,0,1,0,A,G
rs12160660,1,0,0,0,0,C,T
rs16978673,0,0,0,1,0,C,T
rs9612656,0,0,0,0,0,A,C
rs2298389,0,0,0,0,0,A,T
rs3788374,1,0,0,1,0,C,T
rs17574411,0,0,1,0,0,T,C
rs3827322,0,0,0,0,0,A,G
rs5760479,0,0,0,0,0,C,A
rs762286,1,0,0,1,0,A,G
rs9608299,0,1,1,0,0,A,G
rs16978737,0,0,0,0,0,A,G
rs16978740,0,1,0,0,0,T,C
rs743370,0,0,0,0,0,A,T
rs5760485,0,0,0,1,0,C,T
rs4820599,0,0,0,1,0,G,A
rs2070477,0,0,0,1,0,A,G
rs6519519,0,0,0,1,0,T,C
rs5751901,0,0,0,1,1,C,T
rs5751902,2,0,0,1,1,T,C
rs7292010,0,0,0,0,0,A,G
rs5751909,0,0,0,1,0,A,G
rs6004205,0,0,0,0,0,A,T
rs9612693,0,0,0,0,0,A,C
rs131464,2,1,0,0,0,T,C
rs5760575,0,2,1,0,1,G,A
rs2330910,0,2,1,0,1,C,T
rs6004237,0,2,0,1,1,G,A
rs5751940,1,0,1,0,0,C,T
rs5760590,0,2,0,1,1,G,A
rs2011521,1,0,0,1,1,A,G
rs5760591,1,0,1,0,0,T,C
rs915610,1,0,1,0,0,C,T
rs915611,1,0,1,0,0,C,A
rs743377,1,1,0,1,1,G,T
rs9612740,0,1,1,1,1,A,G
rs5760596,0,0,0,0,0,A,T
rs2007382,0,0,0,0,0,A,G
rs115525,0,0,2,1,1,G,A
rs131478,0,0,2,1,1,A,G
rs131477,0,0,2,1,1,A,G
rs131476,0,0,2,1,1,C,T
rs738825,0,0,2,1,1,T,C
rs12168325,0,0,0,0,0,C,A
rs12168348,0,0,0,0,0,A,C
rs5760612,0,0,2,1,1,G,A
rs5760613,0,0,2,1,1,G,A
rs8139987,2,0,0,1,1,T,G
rs2096533,0,0,0,1,1,T,G
rs6004255,0,1,2,1,1,G,A
rs11703684,2,1,0,1,1,T,C
rs5760620,0,0,1,0,1,T,C
rs1892723,0,1,0,0,0,C,T
rs1892722,0,1,1,1,0,A,G
rs1475853,0,0,0,1,0,A,G
rs6004258,0,1,1,1,0,A,G
rs11090340,0,0,0,0,0,A,G
rs8137801,0,0,0,0,0,A,T
rs5751975,0,0,1,0,1,G,A
rs9612758,0,0,1,0,1,A,G
rs9624586,0,1,2,1,1,T,C
rs5760627,0,0,1,0,1,C,T
rs2027609,0,0,1,0,1,T,C
rs1001445,0,1,2,1,1,C,A
rs6004274,0,0,1,0,1,T,C
rs16978950,0,0,0,0,0,A,T
rs4822543,0,1,2,1,1,G,A
rs5760645,0,1,1,1,0,C,T
rs6004279,0,0,1,0,1,T,G
rs5751997,0,0,1,1,1,C,T
rs139606,0,1,1,0,0,G,T
rs139610,0,1,1,0,0,G,A
rs5996761,0,0,0,0,0,A,T
rs139621,0,1,0,0,0,T,C
rs139622,0,0,0,0,0,A,C
rs7287595,0,0,1,2,1,G,A
rs3818061,0,0,1,2,1,A,G
rs5996763,0,1,0,0,1,C,T
rs2295102,2,0,1,0,0,C,T
rs1883993,0,1,0,0,0,A,G
rs5760680,2,0,1,0,0,A,G
rs11704456,0,0,1,2,1,A,G
rs16978992,0,0,1,2,1,T,C
rs1883994,2,0,1,0,0,C,T
rs9612777,0,2,0,0,1,C,T
rs5760687,2,1,1,0,0,G,T
rs2330929,0,0,1,2,1,C,T
rs9608342,0,2,0,0,1,T,C
rs7291051,0,2,1,0,1,G,T
rs4820614,0,1,1,0,1,T,G
rs4820615,0,1,1,0,1,A,G
rs7288359,0,1,0,0,0,A,G
rs139631,0,0,0,0,0,A,C
rs139633,0,1,2,1,1,T,C
rs713664,2,0,0,0,0,C,T
rs713651,0,0,0,1,1,G,A
rs713715,0,0,0,0,1,T,C
rs6004307,0,0,0,1,1,A,G
rs4822549,2,0,0,0,0,A,G
rs12170917,0,0,0,0,0,A,G
rs139647,0,1,0,0,0,A,G
rs2877251,0,1,0,1,1,A,G
rs139654,0,0,0,0,0,A,T
rs7291798,0,0,0,1,0,T,G
rs1997889,0,2,0,0,1,T,C
rs139661,0,2,0,0,1,A,G
rs139662,0,2,0,1,1,G,A
rs139663,0,2,0,0,1,C,A
rs139668,0,2,0,1,1,C,T
rs9620446,0,0,0,1,0,T,C
rs139676,0,2,0,1,1,G,A
rs139677,0,0,0,1,0,T,C
rs139684,0,0,0,0,0,C,A
rs11090351,0,2,0,0,1,A,G
rs5996780,0,2,0,0,1,A,G
rs9612797,0,2,0,0,0,G,A
rs11703103,2,0,0,1,1,A,G
rs6004338,0,2,0,0,1,A,C
rs2273144,0,2,0,0,1,T,C
rs11914101,0,0,0,0,0,A,C
rs139719,1,0,2,0,1,T,C
rs4541332,0,2,0,1,1,A,G
rs139724,0,0,0,0,0,C,A
rs139729,0,0,1,0,0,C,A
rs5752014,0,2,2,1,0,C,A
rs2877253,0,2,1,0,0,T,G
rs5760712,0,0,1,0,0,T,C
rs5996789,0,0,0,1,0,C,T
rs6004350,0,0,0,0,0,C,A
rs2073201,0,1,0,0,1,A,G
rs139735,1,0,2,0,0,C,A
rs139740,0,0,0,0,0,A,G
rs139746,1,1,0,1,1,G,A
rs139748,0,0,1,0,0,G,A
rs11914055,0,0,0,0,0,A,C
rs139756,1,1,2,0,1,G,A
rs139762,1,0,1,1,0,T,C
rs139763,1,0,1,1,0,C,T
rs139776,1,0,1,1,0,T,C
rs5752018,1,0,1,0,0,A,G
rs5752019,1,0,1,0,0,G,A
rs9620460,0,1,0,0,1,C,T
rs2179876,1,0,1,0,0,T,C
rs5760738,1,0,1,0,0,T,C
rs9624666,0,0,0,0,0,C,A
rs5996792,1,0,1,0,0,T,C
rs5996793,1,0,1,0,0,T,C
rs5760741,1,0,1,0,0,C,T
rs9612814,0,0,0,0,0,C,A
rs5752023,0,0,0,0,0,A,G
rs11913563,0,0,0,0,0,C,A
rs5760747,1,1,1,0,1,A,G
rs5760749,1,1,1,0,1,G,T
rs5752024,1,1,1,1,1,G,A
rs5760752,1,1,0,0,1,C,T
rs715554,1,2,0,0,1,A,C
rs5760760,1,1,0,0,0,T,C
rs5760764,1,1,0,0,0,C,T
rs5760766,1,1,0,0,1,T,C
rs5760767,1,1,0,0,1,C,T
rs2142843,0,0,0,0,1,C,A
rs742167,1,1,0,0,1,C,A
rs2103587,1,1,1,1,1,C,A
rs11090362,0,1,0,0,1,A,G
rs5760779,0,0,1,1,0,C,T
rs5752038,0,1,1,1,1,T,C
rs5760781,0,0,0,1,0,C,T
rs12167613,0,0,1,0,0,A,G
rs5752040,0,0,0,1,0,A,G
rs5760793,2,1,0,1,0,T,C
rs2064136,0,1,1,0,1,G,A
rs9612827,0,0,1,0,1,T,G
rs7290901,2,1,0,2,0,G,A
rs5760800,0,1,2,0,2,G,A
rs5752043,1,1,1,1,0,T,C
rs5752044,1,1,1,1,1,T,C
rs11912332,0,1,1,1,1,A,G
rs13056641,0,0,1,1,0,A,G
rs16979433,0,0,0,0,0,A,G
rs5760804,1,1,0,0,1,A,G
rs13054858,0,0,0,2,0,A,C
rs12330067,0,2,0,1,1,C,A
rs7286373,0,1,1,1,1,A,G
rs713696,0,1,0,0,0,C,T
rs4552284,2,1,1,1,0,T,C
rs16979472,0,1,0,1,1,C,T
rs8142181,0,0,0,0,0,A,C
rs9624708,0,0,0,0,0,A,C
rs5760813,0,0,1,0,0,T,G
rs742169,0,1,0,1,1,G,A
rs5996821,0,0,1,0,0,G,T
rs6004408,0,0,0,0,1,T,C
rs9624712,0,0,0,0,0,A,G
rs2064139,0,0,1,0,0,A,G
rs6004417,0,0,1,0,0,G,A
rs6004418,0,1,1,1,0,C,T
rs6004419,0,1,1,2,0,C,T
rs5996830,0,0,0,1,0,C,A
rs6004423,0,1,0,1,0,A,G
rs17668150,0,1,0,1,0,G,A
rs726133,0,1,1,2,0,A,G
rs5760833,0,1,1,1,2,T,C
rs5760834,2,0,1,1,0,T,C
rs5760837,2,0,1,1,0,T,C
rs7288993,0,1,1,1,2,G,A
rs5996834,0,1,0,0,0,T,C
rs9624723,0,0,0,0,0,A,T
rs1076047,2,0,1,0,0,T,C
rs5760855,0,1,0,1,0,T,G
rs5760857,2,0,1,0,0,T,C
rs713989,2,0,1,0,0,C,T
rs2294371,0,2,0,1,0,A,G
rs713876,2,0,1,0,0,A,G
rs5760863,0,0,1,0,2,T,C
rs7289890,0,0,0,1,0,G,A
rs760738,2,0,0,0,0,A,G
rs9612869,0,0,0,0,0,A,C
rs9624728,0,0,0,0,0,C,A
rs4627697,2,0,1,0,0,T,C
rs9612872,0,0,0,1,0,T,C
rs1534917,0,0,1,0,2,G,A
rs984814,0,2,0,2,0,G,A
rs875353,0,0,0,1,0,A,G
rs9612877,0,0,0,0,0,C,A
rs9612878,0,0,0,0,0,A,T
rs9624734,0,0,0,1,0,T,C
rs2027887,0,2,0,1,1,C,A
rs6004456,0,0,0,1,0,A,G
rs8136099,0,0,0,0,0,A,C
rs11912376,0,0,0,0,0,A,C
rs132898,2,0,1,1,0,G,A
rs713725,2,0,1,0,0,A,G
rs2011102,2,0,1,1,0,T,C
rs5752075,0,0,0,0,1,C,A
rs12168578,0,0,0,0,0,A,G
rs763279,2,0,1,0,0,A,G
rs6004466,2,1,1,0,0,C,T
rs4822568,2,0,1,0,0,A,G
rs17607104,0,1,0,1,0,A,G
rs2330986,0,0,0,1,0,G,T
rs5996855,2,0,1,0,0,A,G
rs1547435,0,1,0,1,1,T,C
rs3747118,2,0,1,0,0,G,A
rs916442,0,0,0,0,1,T,C
rs3747120,2,0,1,0,0,T,C
rs5760900,0,0,0,0,0,A,C
rs2269672,0,1,0,2,1,T,C
rs5752079,0,0,1,0,1,G,A
rs739314,0,2,0,2,1,T,G
rs732706,2,0,2,1,0,G,A
rs2252878,0,2,0,1,1,G,A
rs4455261,0,0,0,0,0,A,G
rs5760904,0,2,0,1,1,G,A
rs5760907,1,0,1,0,0,A,G
rs8138250,1,0,1,0,0,C,T
rs6004483,1,0,1,0,1,C,T
rs4820621,0,2,0,2,1,T,C
rs1054476,1,0,1,0,0,G,A
rs6004488,0,0,0,0,0,A,C
rs5760912,0,0,0,0,0,A,G
rs5760914,2,0,2,0,0,T,C
rs4822579,2,0,2,0,0,A,G
rs12169700,1,1,0,1,0,T,G
rs8136087,1,1,1,0,1,G,A
rs969623,1,1,1,0,1,C,T
rs16979774,0,0,0,0,0,A,C
rs739315,1,1,1,1,0,G,A
rs5752083,0,0,1,1,0,T,G
rs5760918,0,2,0,0,0,G,A
rs7286982,0,0,0,0,0,A,T
rs8142586,0,0,1,2,1,G,A
rs6004490,0,2,1,1,0,T,C
rs9608379,0,0,0,1,0,C,A
rs9306412,0,0,0,1,0,A,C
rs9608380,0,0,0,1,0,T,C
rs4404377,0,2,0,1,0,G,A
rs5996863,0,2,1,2,0,T,C
rs5752088,0,0,1,1,2,C,T
rs10483117,0,0,1,0,2,G,A
rs4822591,0,1,0,1,0,G,A
rs9612906,0,0,1,2,1,C,T
rs9612907,0,1,0,0,0,T,G
